TimeStamp,HK_id,PinPullerTemp,OpticsTemp,LEXIbaseTemp,HVsupplyTemp,+5.2V_Imon,+10V_Imon,+3.3V_Imon,AnodeVoltMon,+28V_Imon,ADC_Ground,Cmd_count,Pinpuller_Armed,Unused,Unused,HVmcpAuto,HVmcpMan,DeltaEvntCount,DeltaDroppedCount,DeltaLostevntCount
175235999.0,11.0,nan,nan,nan,nan,nan,nan,nan,nan,nan,nan,nan,0.0,nan,nan,nan,nan,46.0,0.0,0.0
175236999.0,0.0,-273.0,nan,nan,nan,nan,nan,nan,nan,nan,nan,nan,nan,nan,nan,nan,nan,44.0,0.0,0.0
175237999.0,1.0,nan,-268.59616,nan,nan,nan,nan,nan,nan,nan,nan,nan,nan,nan,nan,nan,nan,27.0,0.0,0.0
175238999.0,2.0,nan,nan,31.745728000000017,nan,nan,nan,nan,nan,nan,nan,nan,nan,nan,nan,nan,nan,47.0,0.0,0.0
175239999.0,3.0,nan,nan,nan,32.95678400000001,nan,nan,nan,nan,nan,nan,nan,nan,nan,nan,nan,nan,36.0,0.0,0.0
175240999.0,4.0,nan,nan,nan,nan,1.24188288,nan,nan,nan,nan,nan,nan,nan,nan,nan,nan,nan,37.0,0.0,0.0
175241999.0,5.0,nan,nan,nan,nan,nan,0.00220192,nan,nan,nan,nan,nan,nan,nan,nan,nan,nan,50.0,0.0,0.0
175242999.0,6.0,nan,nan,nan,nan,nan,nan,0.37762928,nan,nan,nan,nan,nan,nan,nan,nan,nan,47.0,0.0,0.0
175243999.0,7.0,nan,nan,nan,nan,nan,nan,nan,0.0033028800000000002,nan,nan,nan,nan,nan,nan,nan,nan,44.0,0.0,0.0
175244999.0,8.0,nan,nan,nan,nan,nan,nan,nan,nan,0.82572,nan,nan,nan,nan,nan,nan,nan,51.0,0.0,0.0
175246602.0,10.0,nan,nan,nan,nan,nan,nan,nan,nan,nan,nan,3984.0,nan,nan,nan,nan,nan,0.0,10240.0,0.0
175246999.0,10.0,nan,nan,nan,nan,nan,nan,nan,nan,nan,nan,5.0,nan,nan,nan,nan,nan,39.0,0.0,0.0
175247999.0,11.0,nan,nan,nan,nan,nan,nan,nan,nan,nan,nan,nan,0.0,nan,nan,nan,nan,30.0,0.0,0.0
175248999.0,0.0,-273.0,nan,nan,nan,nan,nan,nan,nan,nan,nan,nan,nan,nan,nan,nan,nan,46.0,0.0,0.0
175249999.0,1.0,nan,-268.486064,nan,nan,nan,nan,nan,nan,nan,nan,nan,nan,nan,nan,nan,nan,40.0,0.0,0.0
175250999.0,2.0,nan,nan,31.745728000000017,nan,nan,nan,nan,nan,nan,nan,nan,nan,nan,nan,nan,nan,30.0,0.0,0.0
175251999.0,3.0,nan,nan,nan,32.95678400000001,nan,nan,nan,nan,nan,nan,nan,nan,nan,nan,nan,nan,32.0,0.0,0.0
175252999.0,4.0,nan,nan,nan,nan,1.24078192,nan,nan,nan,nan,nan,nan,nan,nan,nan,nan,nan,41.0,0.0,0.0
175253999.0,5.0,nan,nan,nan,nan,nan,0.00220192,nan,nan,nan,nan,nan,nan,nan,nan,nan,nan,44.0,0.0,0.0
175254999.0,6.0,nan,nan,nan,nan,nan,nan,0.37542736,nan,nan,nan,nan,nan,nan,nan,nan,nan,41.0,0.0,0.0
175255999.0,7.0,nan,nan,nan,nan,nan,nan,nan,0.00220192,nan,nan,nan,nan,nan,nan,nan,nan,42.0,0.0,0.0
175256999.0,8.0,nan,nan,nan,nan,nan,nan,nan,nan,0.8301238400000001,nan,nan,nan,nan,nan,nan,nan,31.0,0.0,0.0
175257999.0,9.0,nan,nan,nan,nan,nan,nan,nan,nan,nan,0.0,nan,nan,nan,nan,nan,nan,41.0,0.0,0.0
175258999.0,10.0,nan,nan,nan,nan,nan,nan,nan,nan,nan,nan,5.0,nan,nan,nan,nan,nan,40.0,0.0,0.0
175259999.0,11.0,nan,nan,nan,nan,nan,nan,nan,nan,nan,nan,nan,0.0,nan,nan,nan,nan,44.0,0.0,0.0
175260999.0,0.0,-273.0,nan,nan,nan,nan,nan,nan,nan,nan,nan,nan,nan,nan,nan,nan,nan,40.0,0.0,0.0
175261999.0,1.0,nan,-268.486064,nan,nan,nan,nan,nan,nan,nan,nan,nan,nan,nan,nan,nan,nan,35.0,0.0,0.0
175262999.0,2.0,nan,nan,31.745728000000017,nan,nan,nan,nan,nan,nan,nan,nan,nan,nan,nan,nan,nan,39.0,0.0,0.0
175263999.0,3.0,nan,nan,nan,32.95678400000001,nan,nan,nan,nan,nan,nan,nan,nan,nan,nan,nan,nan,41.0,0.0,0.0
175264999.0,4.0,nan,nan,nan,nan,1.23197424,nan,nan,nan,nan,nan,nan,nan,nan,nan,nan,nan,42.0,0.0,0.0
175265999.0,5.0,nan,nan,nan,nan,nan,0.00220192,nan,nan,nan,nan,nan,nan,nan,nan,nan,nan,39.0,0.0,0.0
175266999.0,6.0,nan,nan,nan,nan,nan,nan,0.37542736,nan,nan,nan,nan,nan,nan,nan,nan,nan,41.0,0.0,0.0
175267999.0,7.0,nan,nan,nan,nan,nan,nan,nan,0.0033028800000000002,nan,nan,nan,nan,nan,nan,nan,nan,49.0,0.0,0.0
175268999.0,8.0,nan,nan,nan,nan,nan,nan,nan,nan,0.82461904,nan,nan,nan,nan,nan,nan,nan,46.0,0.0,0.0
175269999.0,9.0,nan,nan,nan,nan,nan,nan,nan,nan,nan,0.0,nan,nan,nan,nan,nan,nan,28.0,0.0,0.0
175270999.0,10.0,nan,nan,nan,nan,nan,nan,nan,nan,nan,nan,5.0,nan,nan,nan,nan,nan,27.0,0.0,0.0
175271999.0,11.0,nan,nan,nan,nan,nan,nan,nan,nan,nan,nan,nan,0.0,nan,nan,nan,nan,33.0,0.0,0.0
175272999.0,0.0,-273.0,nan,nan,nan,nan,nan,nan,nan,nan,nan,nan,nan,nan,nan,nan,nan,45.0,0.0,0.0
175273999.0,1.0,nan,-268.486064,nan,nan,nan,nan,nan,nan,nan,nan,nan,nan,nan,nan,nan,nan,46.0,0.0,0.0
175274999.0,2.0,nan,nan,31.745728000000017,nan,nan,nan,nan,nan,nan,nan,nan,nan,nan,nan,nan,nan,38.0,0.0,0.0
175275999.0,3.0,nan,nan,nan,32.95678400000001,nan,nan,nan,nan,nan,nan,nan,nan,nan,nan,nan,nan,31.0,0.0,0.0
175276999.0,4.0,nan,nan,nan,nan,1.25399344,nan,nan,nan,nan,nan,nan,nan,nan,nan,nan,nan,34.0,0.0,0.0
175277999.0,5.0,nan,nan,nan,nan,nan,0.00220192,nan,nan,nan,nan,nan,nan,nan,nan,nan,nan,32.0,0.0,0.0
175278999.0,6.0,nan,nan,nan,nan,nan,nan,0.37762928,nan,nan,nan,nan,nan,nan,nan,nan,nan,41.0,0.0,0.0
175279999.0,7.0,nan,nan,nan,nan,nan,nan,nan,0.0033028800000000002,nan,nan,nan,nan,nan,nan,nan,nan,27.0,0.0,0.0
175280999.0,8.0,nan,nan,nan,nan,nan,nan,nan,nan,0.82572,nan,nan,nan,nan,nan,nan,nan,45.0,0.0,0.0
175281999.0,9.0,nan,nan,nan,nan,nan,nan,nan,nan,nan,0.0,nan,nan,nan,nan,nan,nan,43.0,0.0,0.0
175282999.0,10.0,nan,nan,nan,nan,nan,nan,nan,nan,nan,nan,5.0,nan,nan,nan,nan,nan,38.0,0.0,0.0
175283999.0,11.0,nan,nan,nan,nan,nan,nan,nan,nan,nan,nan,nan,0.0,nan,nan,nan,nan,29.0,0.0,0.0
175284999.0,0.0,-273.0,nan,nan,nan,nan,nan,nan,nan,nan,nan,nan,nan,nan,nan,nan,nan,37.0,0.0,0.0
175285999.0,1.0,nan,-268.486064,nan,nan,nan,nan,nan,nan,nan,nan,nan,nan,nan,nan,nan,nan,40.0,0.0,0.0
175286999.0,2.0,nan,nan,31.745728000000017,nan,nan,nan,nan,nan,nan,nan,nan,nan,nan,nan,nan,nan,34.0,0.0,0.0
175287999.0,3.0,nan,nan,nan,32.95678400000001,nan,nan,nan,nan,nan,nan,nan,nan,nan,nan,nan,nan,36.0,0.0,0.0
175288999.0,4.0,nan,nan,nan,nan,1.22426752,nan,nan,nan,nan,nan,nan,nan,nan,nan,nan,nan,33.0,0.0,0.0
175289999.0,5.0,nan,nan,nan,nan,nan,0.00220192,nan,nan,nan,nan,nan,nan,nan,nan,nan,nan,41.0,0.0,0.0
175290999.0,6.0,nan,nan,nan,nan,nan,nan,0.37652832,nan,nan,nan,nan,nan,nan,nan,nan,nan,36.0,0.0,0.0
175291999.0,7.0,nan,nan,nan,nan,nan,nan,nan,0.0033028800000000002,nan,nan,nan,nan,nan,nan,nan,nan,36.0,0.0,0.0
175292999.0,8.0,nan,nan,nan,nan,nan,nan,nan,nan,0.82792192,nan,nan,nan,nan,nan,nan,nan,44.0,0.0,0.0
175293999.0,9.0,nan,nan,nan,nan,nan,nan,nan,nan,nan,0.0,nan,nan,nan,nan,nan,nan,42.0,0.0,0.0
175294999.0,10.0,nan,nan,nan,nan,nan,nan,nan,nan,nan,nan,5.0,nan,nan,nan,nan,nan,40.0,0.0,0.0
175295999.0,11.0,nan,nan,nan,nan,nan,nan,nan,nan,nan,nan,nan,0.0,nan,nan,nan,nan,40.0,0.0,0.0
175296999.0,0.0,-273.0,nan,nan,nan,nan,nan,nan,nan,nan,nan,nan,nan,nan,nan,nan,nan,33.0,0.0,0.0
175297999.0,1.0,nan,-268.59616,nan,nan,nan,nan,nan,nan,nan,nan,nan,nan,nan,nan,nan,nan,38.0,0.0,0.0
175298999.0,2.0,nan,nan,31.745728000000017,nan,nan,nan,nan,nan,nan,nan,nan,nan,nan,nan,nan,nan,30.0,0.0,0.0
175299999.0,3.0,nan,nan,nan,32.95678400000001,nan,nan,nan,nan,nan,nan,nan,nan,nan,nan,nan,nan,34.0,0.0,0.0
175300999.0,4.0,nan,nan,nan,nan,1.23197424,nan,nan,nan,nan,nan,nan,nan,nan,nan,nan,nan,33.0,0.0,0.0
175301999.0,5.0,nan,nan,nan,nan,nan,0.00220192,nan,nan,nan,nan,nan,nan,nan,nan,nan,nan,42.0,0.0,0.0
175302999.0,6.0,nan,nan,nan,nan,nan,nan,0.37652832,nan,nan,nan,nan,nan,nan,nan,nan,nan,35.0,0.0,0.0
175303999.0,7.0,nan,nan,nan,nan,nan,nan,nan,0.0033028800000000002,nan,nan,nan,nan,nan,nan,nan,nan,30.0,0.0,0.0
175304999.0,8.0,nan,nan,nan,nan,nan,nan,nan,nan,0.82792192,nan,nan,nan,nan,nan,nan,nan,39.0,0.0,0.0
175305999.0,9.0,nan,nan,nan,nan,nan,nan,nan,nan,nan,0.0,nan,nan,nan,nan,nan,nan,41.0,0.0,0.0
175306999.0,10.0,nan,nan,nan,nan,nan,nan,nan,nan,nan,nan,5.0,nan,nan,nan,nan,nan,34.0,0.0,0.0
175307999.0,11.0,nan,nan,nan,nan,nan,nan,nan,nan,nan,nan,nan,0.0,nan,nan,nan,nan,36.0,0.0,0.0
175308999.0,0.0,-273.0,nan,nan,nan,nan,nan,nan,nan,nan,nan,nan,nan,nan,nan,nan,nan,42.0,0.0,0.0
175309999.0,1.0,nan,-268.59616,nan,nan,nan,nan,nan,nan,nan,nan,nan,nan,nan,nan,nan,nan,38.0,0.0,0.0
175310999.0,2.0,nan,nan,31.745728000000017,nan,nan,nan,nan,nan,nan,nan,nan,nan,nan,nan,nan,nan,31.0,0.0,0.0
175311999.0,3.0,nan,nan,nan,32.95678400000001,nan,nan,nan,nan,nan,nan,nan,nan,nan,nan,nan,nan,46.0,0.0,0.0
175312999.0,4.0,nan,nan,nan,nan,1.23747904,nan,nan,nan,nan,nan,nan,nan,nan,nan,nan,nan,45.0,0.0,0.0
175313999.0,5.0,nan,nan,nan,nan,nan,0.00220192,nan,nan,nan,nan,nan,nan,nan,nan,nan,nan,46.0,0.0,0.0
175314999.0,6.0,nan,nan,nan,nan,nan,nan,0.37762928,nan,nan,nan,nan,nan,nan,nan,nan,nan,30.0,0.0,0.0
175315999.0,7.0,nan,nan,nan,nan,nan,nan,nan,0.0033028800000000002,nan,nan,nan,nan,nan,nan,nan,nan,35.0,0.0,0.0
175316999.0,8.0,nan,nan,nan,nan,nan,nan,nan,nan,0.82682096,nan,nan,nan,nan,nan,nan,nan,43.0,0.0,0.0
175317999.0,9.0,nan,nan,nan,nan,nan,nan,nan,nan,nan,0.0,nan,nan,nan,nan,nan,nan,34.0,0.0,0.0
175318999.0,10.0,nan,nan,nan,nan,nan,nan,nan,nan,nan,nan,5.0,nan,nan,nan,nan,nan,42.0,0.0,0.0
175319999.0,11.0,nan,nan,nan,nan,nan,nan,nan,nan,nan,nan,nan,0.0,nan,nan,nan,nan,32.0,0.0,0.0
175320999.0,0.0,-273.0,nan,nan,nan,nan,nan,nan,nan,nan,nan,nan,nan,nan,nan,nan,nan,36.0,0.0,0.0
175321999.0,1.0,nan,-268.486064,nan,nan,nan,nan,nan,nan,nan,nan,nan,nan,nan,nan,nan,nan,38.0,0.0,0.0
175322999.0,2.0,nan,nan,31.745728000000017,nan,nan,nan,nan,nan,nan,nan,nan,nan,nan,nan,nan,nan,39.0,0.0,0.0
175323999.0,3.0,nan,nan,nan,32.95678400000001,nan,nan,nan,nan,nan,nan,nan,nan,nan,nan,nan,nan,43.0,0.0,0.0
175324999.0,4.0,nan,nan,nan,nan,1.2330752,nan,nan,nan,nan,nan,nan,nan,nan,nan,nan,nan,33.0,0.0,0.0
175325999.0,5.0,nan,nan,nan,nan,nan,0.00220192,nan,nan,nan,nan,nan,nan,nan,nan,nan,nan,40.0,0.0,0.0
175326999.0,6.0,nan,nan,nan,nan,nan,nan,0.37762928,nan,nan,nan,nan,nan,nan,nan,nan,nan,36.0,0.0,0.0
175327999.0,7.0,nan,nan,nan,nan,nan,nan,nan,0.0033028800000000002,nan,nan,nan,nan,nan,nan,nan,nan,36.0,0.0,0.0
175328999.0,8.0,nan,nan,nan,nan,nan,nan,nan,nan,0.82792192,nan,nan,nan,nan,nan,nan,nan,42.0,0.0,0.0
175329999.0,9.0,nan,nan,nan,nan,nan,nan,nan,nan,nan,0.0,nan,nan,nan,nan,nan,nan,40.0,0.0,0.0
175330999.0,10.0,nan,nan,nan,nan,nan,nan,nan,nan,nan,nan,5.0,nan,nan,nan,nan,nan,51.0,0.0,0.0
175331999.0,11.0,nan,nan,nan,nan,nan,nan,nan,nan,nan,nan,nan,0.0,nan,nan,nan,nan,31.0,0.0,0.0
175332999.0,0.0,-273.0,nan,nan,nan,nan,nan,nan,nan,nan,nan,nan,nan,nan,nan,nan,nan,31.0,0.0,0.0
175333999.0,1.0,nan,-268.486064,nan,nan,nan,nan,nan,nan,nan,nan,nan,nan,nan,nan,nan,nan,21.0,0.0,0.0
175334999.0,2.0,nan,nan,31.745728000000017,nan,nan,nan,nan,nan,nan,nan,nan,nan,nan,nan,nan,nan,45.0,0.0,0.0
175335999.0,3.0,nan,nan,nan,32.95678400000001,nan,nan,nan,nan,nan,nan,nan,nan,nan,nan,nan,nan,26.0,0.0,0.0
175336999.0,4.0,nan,nan,nan,nan,1.23197424,nan,nan,nan,nan,nan,nan,nan,nan,nan,nan,nan,37.0,0.0,0.0
175337999.0,5.0,nan,nan,nan,nan,nan,0.00220192,nan,nan,nan,nan,nan,nan,nan,nan,nan,nan,45.0,0.0,0.0
175338999.0,6.0,nan,nan,nan,nan,nan,nan,0.37652832,nan,nan,nan,nan,nan,nan,nan,nan,nan,36.0,0.0,0.0
175339999.0,7.0,nan,nan,nan,nan,nan,nan,nan,0.0033028800000000002,nan,nan,nan,nan,nan,nan,nan,nan,33.0,0.0,0.0
175340999.0,8.0,nan,nan,nan,nan,nan,nan,nan,nan,0.82461904,nan,nan,nan,nan,nan,nan,nan,46.0,0.0,0.0
175341999.0,9.0,nan,nan,nan,nan,nan,nan,nan,nan,nan,0.0,nan,nan,nan,nan,nan,nan,36.0,0.0,0.0
175342999.0,10.0,nan,nan,nan,nan,nan,nan,nan,nan,nan,nan,5.0,nan,nan,nan,nan,nan,31.0,0.0,0.0
175343999.0,11.0,nan,nan,nan,nan,nan,nan,nan,nan,nan,nan,nan,0.0,nan,nan,nan,nan,33.0,0.0,0.0
175344999.0,0.0,-273.0,nan,nan,nan,nan,nan,nan,nan,nan,nan,nan,nan,nan,nan,nan,nan,32.0,0.0,0.0
175345999.0,1.0,nan,-268.375968,nan,nan,nan,nan,nan,nan,nan,nan,nan,nan,nan,nan,nan,nan,38.0,0.0,0.0
175346999.0,2.0,nan,nan,31.745728000000017,nan,nan,nan,nan,nan,nan,nan,nan,nan,nan,nan,nan,nan,46.0,0.0,0.0
175347999.0,3.0,nan,nan,nan,32.95678400000001,nan,nan,nan,nan,nan,nan,nan,nan,nan,nan,nan,nan,38.0,0.0,0.0
175348999.0,4.0,nan,nan,nan,nan,1.23637808,nan,nan,nan,nan,nan,nan,nan,nan,nan,nan,nan,37.0,0.0,0.0
175349999.0,5.0,nan,nan,nan,nan,nan,0.00220192,nan,nan,nan,nan,nan,nan,nan,nan,nan,nan,39.0,0.0,0.0
175350999.0,6.0,nan,nan,nan,nan,nan,nan,0.37652832,nan,nan,nan,nan,nan,nan,nan,nan,nan,35.0,0.0,0.0
175351999.0,7.0,nan,nan,nan,nan,nan,nan,nan,0.0033028800000000002,nan,nan,nan,nan,nan,nan,nan,nan,34.0,0.0,0.0
175352999.0,8.0,nan,nan,nan,nan,nan,nan,nan,nan,0.82572,nan,nan,nan,nan,nan,nan,nan,34.0,0.0,0.0
175353999.0,9.0,nan,nan,nan,nan,nan,nan,nan,nan,nan,0.0,nan,nan,nan,nan,nan,nan,41.0,0.0,0.0
175354999.0,10.0,nan,nan,nan,nan,nan,nan,nan,nan,nan,nan,5.0,nan,nan,nan,nan,nan,37.0,0.0,0.0
175355999.0,11.0,nan,nan,nan,nan,nan,nan,nan,nan,nan,nan,nan,0.0,nan,nan,nan,nan,47.0,0.0,0.0
175356999.0,0.0,-273.0,nan,nan,nan,nan,nan,nan,nan,nan,nan,nan,nan,nan,nan,nan,nan,49.0,0.0,0.0
175357999.0,1.0,nan,-268.375968,nan,nan,nan,nan,nan,nan,nan,nan,nan,nan,nan,nan,nan,nan,36.0,0.0,0.0
175358999.0,2.0,nan,nan,31.745728000000017,nan,nan,nan,nan,nan,nan,nan,nan,nan,nan,nan,nan,nan,41.0,0.0,0.0
175359999.0,3.0,nan,nan,nan,32.95678400000001,nan,nan,nan,nan,nan,nan,nan,nan,nan,nan,nan,nan,46.0,0.0,0.0
175360999.0,4.0,nan,nan,nan,nan,1.24848864,nan,nan,nan,nan,nan,nan,nan,nan,nan,nan,nan,40.0,0.0,0.0
175361999.0,5.0,nan,nan,nan,nan,nan,0.00220192,nan,nan,nan,nan,nan,nan,nan,nan,nan,nan,48.0,0.0,0.0
175362999.0,6.0,nan,nan,nan,nan,nan,nan,0.37762928,nan,nan,nan,nan,nan,nan,nan,nan,nan,40.0,0.0,0.0
175363999.0,7.0,nan,nan,nan,nan,nan,nan,nan,0.0033028800000000002,nan,nan,nan,nan,nan,nan,nan,nan,44.0,0.0,0.0
175364999.0,8.0,nan,nan,nan,nan,nan,nan,nan,nan,0.82572,nan,nan,nan,nan,nan,nan,nan,36.0,0.0,0.0
175365999.0,9.0,nan,nan,nan,nan,nan,nan,nan,nan,nan,0.0,nan,nan,nan,nan,nan,nan,36.0,0.0,0.0
175366999.0,10.0,nan,nan,nan,nan,nan,nan,nan,nan,nan,nan,5.0,nan,nan,nan,nan,nan,39.0,0.0,0.0
175367999.0,11.0,nan,nan,nan,nan,nan,nan,nan,nan,nan,nan,nan,0.0,nan,nan,nan,nan,53.0,0.0,0.0
175368999.0,0.0,-273.0,nan,nan,nan,nan,nan,nan,nan,nan,nan,nan,nan,nan,nan,nan,nan,37.0,0.0,0.0
175369999.0,1.0,nan,-268.486064,nan,nan,nan,nan,nan,nan,nan,nan,nan,nan,nan,nan,nan,nan,42.0,0.0,0.0
175370999.0,2.0,nan,nan,31.745728000000017,nan,nan,nan,nan,nan,nan,nan,nan,nan,nan,nan,nan,nan,40.0,0.0,0.0
175371999.0,3.0,nan,nan,nan,32.95678400000001,nan,nan,nan,nan,nan,nan,nan,nan,nan,nan,nan,nan,34.0,0.0,0.0
175372999.0,4.0,nan,nan,nan,nan,1.25289248,nan,nan,nan,nan,nan,nan,nan,nan,nan,nan,nan,41.0,0.0,0.0
175373999.0,5.0,nan,nan,nan,nan,nan,0.00220192,nan,nan,nan,nan,nan,nan,nan,nan,nan,nan,37.0,0.0,0.0
175374999.0,6.0,nan,nan,nan,nan,nan,nan,0.37762928,nan,nan,nan,nan,nan,nan,nan,nan,nan,45.0,0.0,0.0
175375999.0,7.0,nan,nan,nan,nan,nan,nan,nan,0.0033028800000000002,nan,nan,nan,nan,nan,nan,nan,nan,42.0,0.0,0.0
175377674.0,6.0,nan,nan,nan,nan,nan,nan,2.11604512,nan,nan,nan,nan,nan,nan,nan,nan,nan,60672.0,8192.0,0.0
175377999.0,9.0,nan,nan,nan,nan,nan,nan,nan,nan,nan,0.0,nan,nan,nan,nan,nan,nan,43.0,0.0,0.0
175378999.0,10.0,nan,nan,nan,nan,nan,nan,nan,nan,nan,nan,5.0,nan,nan,nan,nan,nan,34.0,0.0,0.0
175379999.0,11.0,nan,nan,nan,nan,nan,nan,nan,nan,nan,nan,nan,0.0,nan,nan,nan,nan,39.0,0.0,0.0
175380999.0,0.0,-273.0,nan,nan,nan,nan,nan,nan,nan,nan,nan,nan,nan,nan,nan,nan,nan,39.0,0.0,0.0
175381999.0,1.0,nan,-268.486064,nan,nan,nan,nan,nan,nan,nan,nan,nan,nan,nan,nan,nan,nan,32.0,0.0,0.0
175382999.0,2.0,nan,nan,31.745728000000017,nan,nan,nan,nan,nan,nan,nan,nan,nan,nan,nan,nan,nan,43.0,0.0,0.0
175383999.0,3.0,nan,nan,nan,32.95678400000001,nan,nan,nan,nan,nan,nan,nan,nan,nan,nan,nan,nan,45.0,0.0,0.0
175384999.0,4.0,nan,nan,nan,nan,1.24518576,nan,nan,nan,nan,nan,nan,nan,nan,nan,nan,nan,50.0,0.0,0.0
175385999.0,5.0,nan,nan,nan,nan,nan,0.00220192,nan,nan,nan,nan,nan,nan,nan,nan,nan,nan,46.0,0.0,0.0
175386999.0,6.0,nan,nan,nan,nan,nan,nan,0.37652832,nan,nan,nan,nan,nan,nan,nan,nan,nan,31.0,0.0,0.0
175387999.0,7.0,nan,nan,nan,nan,nan,nan,nan,0.00220192,nan,nan,nan,nan,nan,nan,nan,nan,38.0,0.0,0.0
175388999.0,8.0,nan,nan,nan,nan,nan,nan,nan,nan,0.82792192,nan,nan,nan,nan,nan,nan,nan,43.0,0.0,0.0
175389999.0,9.0,nan,nan,nan,nan,nan,nan,nan,nan,nan,0.0,nan,nan,nan,nan,nan,nan,43.0,0.0,0.0
175390999.0,10.0,nan,nan,nan,nan,nan,nan,nan,nan,nan,nan,5.0,nan,nan,nan,nan,nan,42.0,0.0,0.0
175391999.0,11.0,nan,nan,nan,nan,nan,nan,nan,nan,nan,nan,nan,0.0,nan,nan,nan,nan,26.0,0.0,0.0
175392999.0,0.0,-273.0,nan,nan,nan,nan,nan,nan,nan,nan,nan,nan,nan,nan,nan,nan,nan,48.0,0.0,0.0
175393999.0,1.0,nan,-268.486064,nan,nan,nan,nan,nan,nan,nan,nan,nan,nan,nan,nan,nan,nan,42.0,0.0,0.0
175394999.0,2.0,nan,nan,31.745728000000017,nan,nan,nan,nan,nan,nan,nan,nan,nan,nan,nan,nan,nan,44.0,0.0,0.0
175395999.0,3.0,nan,nan,nan,32.95678400000001,nan,nan,nan,nan,nan,nan,nan,nan,nan,nan,nan,nan,38.0,0.0,0.0
175396999.0,4.0,nan,nan,nan,nan,1.23747904,nan,nan,nan,nan,nan,nan,nan,nan,nan,nan,nan,45.0,0.0,0.0
175397999.0,5.0,nan,nan,nan,nan,nan,0.00220192,nan,nan,nan,nan,nan,nan,nan,nan,nan,nan,42.0,0.0,0.0
175398999.0,6.0,nan,nan,nan,nan,nan,nan,0.37762928,nan,nan,nan,nan,nan,nan,nan,nan,nan,39.0,0.0,0.0
175399999.0,7.0,nan,nan,nan,nan,nan,nan,nan,0.0033028800000000002,nan,nan,nan,nan,nan,nan,nan,nan,43.0,0.0,0.0
175400999.0,8.0,nan,nan,nan,nan,nan,nan,nan,nan,0.82682096,nan,nan,nan,nan,nan,nan,nan,43.0,0.0,0.0
175401999.0,9.0,nan,nan,nan,nan,nan,nan,nan,nan,nan,0.0,nan,nan,nan,nan,nan,nan,36.0,0.0,0.0
175402999.0,10.0,nan,nan,nan,nan,nan,nan,nan,nan,nan,nan,5.0,nan,nan,nan,nan,nan,30.0,0.0,0.0
175403999.0,11.0,nan,nan,nan,nan,nan,nan,nan,nan,nan,nan,nan,0.0,nan,nan,nan,nan,50.0,0.0,0.0
175404999.0,0.0,-273.0,nan,nan,nan,nan,nan,nan,nan,nan,nan,nan,nan,nan,nan,nan,nan,37.0,0.0,0.0
175405999.0,1.0,nan,-268.486064,nan,nan,nan,nan,nan,nan,nan,nan,nan,nan,nan,nan,nan,nan,33.0,0.0,0.0
175406999.0,2.0,nan,nan,31.745728000000017,nan,nan,nan,nan,nan,nan,nan,nan,nan,nan,nan,nan,nan,32.0,0.0,0.0
175407999.0,3.0,nan,nan,nan,33.06688000000002,nan,nan,nan,nan,nan,nan,nan,nan,nan,nan,nan,nan,48.0,0.0,0.0
175408999.0,4.0,nan,nan,nan,nan,1.27050784,nan,nan,nan,nan,nan,nan,nan,nan,nan,nan,nan,41.0,0.0,0.0
175409999.0,5.0,nan,nan,nan,nan,nan,0.00220192,nan,nan,nan,nan,nan,nan,nan,nan,nan,nan,32.0,0.0,0.0
175410999.0,6.0,nan,nan,nan,nan,nan,nan,0.37762928,nan,nan,nan,nan,nan,nan,nan,nan,nan,35.0,0.0,0.0
175411999.0,7.0,nan,nan,nan,nan,nan,nan,nan,0.0033028800000000002,nan,nan,nan,nan,nan,nan,nan,nan,42.0,0.0,0.0
175412999.0,8.0,nan,nan,nan,nan,nan,nan,nan,nan,0.8301238400000001,nan,nan,nan,nan,nan,nan,nan,42.0,0.0,0.0
175413999.0,9.0,nan,nan,nan,nan,nan,nan,nan,nan,nan,0.0,nan,nan,nan,nan,nan,nan,48.0,0.0,0.0
175414999.0,10.0,nan,nan,nan,nan,nan,nan,nan,nan,nan,nan,5.0,nan,nan,nan,nan,nan,40.0,0.0,0.0
175415999.0,11.0,nan,nan,nan,nan,nan,nan,nan,nan,nan,nan,nan,0.0,nan,nan,nan,nan,36.0,0.0,0.0
175416999.0,0.0,-273.0,nan,nan,nan,nan,nan,nan,nan,nan,nan,nan,nan,nan,nan,nan,nan,48.0,0.0,0.0
175417999.0,1.0,nan,-268.486064,nan,nan,nan,nan,nan,nan,nan,nan,nan,nan,nan,nan,nan,nan,36.0,0.0,0.0
175418999.0,2.0,nan,nan,31.745728000000017,nan,nan,nan,nan,nan,nan,nan,nan,nan,nan,nan,nan,nan,46.0,0.0,0.0
175419999.0,3.0,nan,nan,nan,32.846688000000015,nan,nan,nan,nan,nan,nan,nan,nan,nan,nan,nan,nan,39.0,0.0,0.0
175420999.0,4.0,nan,nan,nan,nan,1.2330752,nan,nan,nan,nan,nan,nan,nan,nan,nan,nan,nan,31.0,0.0,0.0
175421999.0,5.0,nan,nan,nan,nan,nan,0.00220192,nan,nan,nan,nan,nan,nan,nan,nan,nan,nan,42.0,0.0,0.0
175422999.0,6.0,nan,nan,nan,nan,nan,nan,0.37762928,nan,nan,nan,nan,nan,nan,nan,nan,nan,30.0,0.0,0.0
175423999.0,7.0,nan,nan,nan,nan,nan,nan,nan,0.0033028800000000002,nan,nan,nan,nan,nan,nan,nan,nan,30.0,0.0,0.0
175424999.0,8.0,nan,nan,nan,nan,nan,nan,nan,nan,0.82682096,nan,nan,nan,nan,nan,nan,nan,38.0,0.0,0.0
175425999.0,9.0,nan,nan,nan,nan,nan,nan,nan,nan,nan,0.0,nan,nan,nan,nan,nan,nan,49.0,0.0,0.0
175426999.0,10.0,nan,nan,nan,nan,nan,nan,nan,nan,nan,nan,5.0,nan,nan,nan,nan,nan,39.0,0.0,0.0
175427999.0,11.0,nan,nan,nan,nan,nan,nan,nan,nan,nan,nan,nan,0.0,nan,nan,nan,nan,42.0,0.0,0.0
175428999.0,0.0,-273.0,nan,nan,nan,nan,nan,nan,nan,nan,nan,nan,nan,nan,nan,nan,nan,35.0,0.0,0.0
175429999.0,1.0,nan,-268.486064,nan,nan,nan,nan,nan,nan,nan,nan,nan,nan,nan,nan,nan,nan,41.0,0.0,0.0
175430999.0,2.0,nan,nan,31.745728000000017,nan,nan,nan,nan,nan,nan,nan,nan,nan,nan,nan,nan,nan,33.0,0.0,0.0
175431999.0,3.0,nan,nan,nan,32.95678400000001,nan,nan,nan,nan,nan,nan,nan,nan,nan,nan,nan,nan,45.0,0.0,0.0
175432999.0,4.0,nan,nan,nan,nan,1.25069056,nan,nan,nan,nan,nan,nan,nan,nan,nan,nan,nan,46.0,0.0,0.0
175433999.0,5.0,nan,nan,nan,nan,nan,0.00220192,nan,nan,nan,nan,nan,nan,nan,nan,nan,nan,38.0,0.0,0.0
175434999.0,6.0,nan,nan,nan,nan,nan,nan,0.37652832,nan,nan,nan,nan,nan,nan,nan,nan,nan,46.0,0.0,0.0
175435999.0,7.0,nan,nan,nan,nan,nan,nan,nan,0.0033028800000000002,nan,nan,nan,nan,nan,nan,nan,nan,37.0,0.0,0.0
175436999.0,8.0,nan,nan,nan,nan,nan,nan,nan,nan,0.82682096,nan,nan,nan,nan,nan,nan,nan,38.0,0.0,0.0
175437999.0,9.0,nan,nan,nan,nan,nan,nan,nan,nan,nan,0.0,nan,nan,nan,nan,nan,nan,37.0,0.0,0.0
175438999.0,10.0,nan,nan,nan,nan,nan,nan,nan,nan,nan,nan,5.0,nan,nan,nan,nan,nan,39.0,0.0,0.0
175439999.0,11.0,nan,nan,nan,nan,nan,nan,nan,nan,nan,nan,nan,0.0,nan,nan,nan,nan,28.0,0.0,0.0
175440999.0,0.0,-273.0,nan,nan,nan,nan,nan,nan,nan,nan,nan,nan,nan,nan,nan,nan,nan,49.0,0.0,0.0
175441999.0,1.0,nan,-268.375968,nan,nan,nan,nan,nan,nan,nan,nan,nan,nan,nan,nan,nan,nan,48.0,0.0,0.0
175442999.0,2.0,nan,nan,31.745728000000017,nan,nan,nan,nan,nan,nan,nan,nan,nan,nan,nan,nan,nan,36.0,0.0,0.0
175443999.0,3.0,nan,nan,nan,32.95678400000001,nan,nan,nan,nan,nan,nan,nan,nan,nan,nan,nan,nan,34.0,0.0,0.0
175444999.0,4.0,nan,nan,nan,nan,1.2330752,nan,nan,nan,nan,nan,nan,nan,nan,nan,nan,nan,50.0,0.0,0.0
175445999.0,5.0,nan,nan,nan,nan,nan,0.00220192,nan,nan,nan,nan,nan,nan,nan,nan,nan,nan,39.0,0.0,0.0
175446999.0,6.0,nan,nan,nan,nan,nan,nan,0.37652832,nan,nan,nan,nan,nan,nan,nan,nan,nan,36.0,0.0,0.0
175447999.0,7.0,nan,nan,nan,nan,nan,nan,nan,0.0033028800000000002,nan,nan,nan,nan,nan,nan,nan,nan,31.0,0.0,0.0
175448999.0,8.0,nan,nan,nan,nan,nan,nan,nan,nan,0.82682096,nan,nan,nan,nan,nan,nan,nan,44.0,0.0,0.0
175449999.0,9.0,nan,nan,nan,nan,nan,nan,nan,nan,nan,0.0,nan,nan,nan,nan,nan,nan,32.0,0.0,0.0
175450999.0,10.0,nan,nan,nan,nan,nan,nan,nan,nan,nan,nan,5.0,nan,nan,nan,nan,nan,36.0,0.0,0.0
175451999.0,11.0,nan,nan,nan,nan,nan,nan,nan,nan,nan,nan,nan,0.0,nan,nan,nan,nan,33.0,0.0,0.0
175452999.0,0.0,-273.0,nan,nan,nan,nan,nan,nan,nan,nan,nan,nan,nan,nan,nan,nan,nan,49.0,0.0,0.0
175453999.0,1.0,nan,-268.59616,nan,nan,nan,nan,nan,nan,nan,nan,nan,nan,nan,nan,nan,nan,52.0,0.0,0.0
175454999.0,2.0,nan,nan,31.745728000000017,nan,nan,nan,nan,nan,nan,nan,nan,nan,nan,nan,nan,nan,34.0,0.0,0.0
175455999.0,3.0,nan,nan,nan,32.95678400000001,nan,nan,nan,nan,nan,nan,nan,nan,nan,nan,nan,nan,47.0,0.0,0.0
175456999.0,4.0,nan,nan,nan,nan,1.24078192,nan,nan,nan,nan,nan,nan,nan,nan,nan,nan,nan,35.0,0.0,0.0
175457999.0,5.0,nan,nan,nan,nan,nan,0.00220192,nan,nan,nan,nan,nan,nan,nan,nan,nan,nan,34.0,0.0,0.0
175458999.0,6.0,nan,nan,nan,nan,nan,nan,0.37762928,nan,nan,nan,nan,nan,nan,nan,nan,nan,25.0,0.0,0.0
175459999.0,7.0,nan,nan,nan,nan,nan,nan,nan,0.0033028800000000002,nan,nan,nan,nan,nan,nan,nan,nan,39.0,0.0,0.0
175460999.0,8.0,nan,nan,nan,nan,nan,nan,nan,nan,0.82572,nan,nan,nan,nan,nan,nan,nan,40.0,0.0,0.0
175461999.0,9.0,nan,nan,nan,nan,nan,nan,nan,nan,nan,0.0,nan,nan,nan,nan,nan,nan,32.0,0.0,0.0
175462999.0,10.0,nan,nan,nan,nan,nan,nan,nan,nan,nan,nan,5.0,nan,nan,nan,nan,nan,42.0,0.0,0.0
175463999.0,11.0,nan,nan,nan,nan,nan,nan,nan,nan,nan,nan,nan,0.0,nan,nan,nan,nan,43.0,0.0,0.0
175464999.0,0.0,-273.0,nan,nan,nan,nan,nan,nan,nan,nan,nan,nan,nan,nan,nan,nan,nan,39.0,0.0,0.0
175465999.0,1.0,nan,-268.486064,nan,nan,nan,nan,nan,nan,nan,nan,nan,nan,nan,nan,nan,nan,38.0,0.0,0.0
175466999.0,2.0,nan,nan,31.745728000000017,nan,nan,nan,nan,nan,nan,nan,nan,nan,nan,nan,nan,nan,33.0,0.0,0.0
175467999.0,3.0,nan,nan,nan,33.06688000000002,nan,nan,nan,nan,nan,nan,nan,nan,nan,nan,nan,nan,38.0,0.0,0.0
175468999.0,4.0,nan,nan,nan,nan,1.23968096,nan,nan,nan,nan,nan,nan,nan,nan,nan,nan,nan,45.0,0.0,0.0
175469999.0,5.0,nan,nan,nan,nan,nan,0.00220192,nan,nan,nan,nan,nan,nan,nan,nan,nan,nan,41.0,0.0,0.0
175470999.0,6.0,nan,nan,nan,nan,nan,nan,0.37652832,nan,nan,nan,nan,nan,nan,nan,nan,nan,40.0,0.0,0.0
175471999.0,7.0,nan,nan,nan,nan,nan,nan,nan,0.0033028800000000002,nan,nan,nan,nan,nan,nan,nan,nan,47.0,0.0,0.0
175472999.0,8.0,nan,nan,nan,nan,nan,nan,nan,nan,0.82461904,nan,nan,nan,nan,nan,nan,nan,46.0,0.0,0.0
175473999.0,9.0,nan,nan,nan,nan,nan,nan,nan,nan,nan,0.0,nan,nan,nan,nan,nan,nan,36.0,0.0,0.0
175474999.0,10.0,nan,nan,nan,nan,nan,nan,nan,nan,nan,nan,5.0,nan,nan,nan,nan,nan,31.0,0.0,0.0
175475999.0,11.0,nan,nan,nan,nan,nan,nan,nan,nan,nan,nan,nan,0.0,nan,nan,nan,nan,46.0,0.0,0.0
175476999.0,0.0,-273.0,nan,nan,nan,nan,nan,nan,nan,nan,nan,nan,nan,nan,nan,nan,nan,41.0,0.0,0.0
175477999.0,1.0,nan,-268.486064,nan,nan,nan,nan,nan,nan,nan,nan,nan,nan,nan,nan,nan,nan,38.0,0.0,0.0
175478999.0,2.0,nan,nan,31.745728000000017,nan,nan,nan,nan,nan,nan,nan,nan,nan,nan,nan,nan,nan,39.0,0.0,0.0
175479999.0,3.0,nan,nan,nan,33.06688000000002,nan,nan,nan,nan,nan,nan,nan,nan,nan,nan,nan,nan,46.0,0.0,0.0
175480999.0,4.0,nan,nan,nan,nan,1.24188288,nan,nan,nan,nan,nan,nan,nan,nan,nan,nan,nan,37.0,0.0,0.0
175481999.0,5.0,nan,nan,nan,nan,nan,0.00220192,nan,nan,nan,nan,nan,nan,nan,nan,nan,nan,43.0,0.0,0.0
175482999.0,6.0,nan,nan,nan,nan,nan,nan,0.37762928,nan,nan,nan,nan,nan,nan,nan,nan,nan,41.0,0.0,0.0
175483999.0,7.0,nan,nan,nan,nan,nan,nan,nan,0.0033028800000000002,nan,nan,nan,nan,nan,nan,nan,nan,33.0,0.0,0.0
175484999.0,8.0,nan,nan,nan,nan,nan,nan,nan,nan,0.82682096,nan,nan,nan,nan,nan,nan,nan,44.0,0.0,0.0
175485999.0,9.0,nan,nan,nan,nan,nan,nan,nan,nan,nan,0.0,nan,nan,nan,nan,nan,nan,29.0,0.0,0.0
175486999.0,10.0,nan,nan,nan,nan,nan,nan,nan,nan,nan,nan,5.0,nan,nan,nan,nan,nan,36.0,0.0,0.0
175487999.0,11.0,nan,nan,nan,nan,nan,nan,nan,nan,nan,nan,nan,0.0,nan,nan,nan,nan,29.0,0.0,0.0
175488999.0,0.0,-273.0,nan,nan,nan,nan,nan,nan,nan,nan,nan,nan,nan,nan,nan,nan,nan,43.0,0.0,0.0
175489999.0,1.0,nan,-268.59616,nan,nan,nan,nan,nan,nan,nan,nan,nan,nan,nan,nan,nan,nan,39.0,0.0,0.0
175490999.0,2.0,nan,nan,31.745728000000017,nan,nan,nan,nan,nan,nan,nan,nan,nan,nan,nan,nan,nan,47.0,0.0,0.0
175491999.0,3.0,nan,nan,nan,33.06688000000002,nan,nan,nan,nan,nan,nan,nan,nan,nan,nan,nan,nan,39.0,0.0,0.0
175492999.0,4.0,nan,nan,nan,nan,1.24078192,nan,nan,nan,nan,nan,nan,nan,nan,nan,nan,nan,37.0,0.0,0.0
175493999.0,5.0,nan,nan,nan,nan,nan,0.00220192,nan,nan,nan,nan,nan,nan,nan,nan,nan,nan,40.0,0.0,0.0
175494999.0,6.0,nan,nan,nan,nan,nan,nan,0.37762928,nan,nan,nan,nan,nan,nan,nan,nan,nan,49.0,0.0,0.0
175495999.0,7.0,nan,nan,nan,nan,nan,nan,nan,0.0033028800000000002,nan,nan,nan,nan,nan,nan,nan,nan,42.0,0.0,0.0
175496999.0,8.0,nan,nan,nan,nan,nan,nan,nan,nan,0.82572,nan,nan,nan,nan,nan,nan,nan,47.0,0.0,0.0
175497999.0,9.0,nan,nan,nan,nan,nan,nan,nan,nan,nan,0.0,nan,nan,nan,nan,nan,nan,32.0,0.0,0.0
175498999.0,10.0,nan,nan,nan,nan,nan,nan,nan,nan,nan,nan,5.0,nan,nan,nan,nan,nan,41.0,0.0,0.0
175499999.0,11.0,nan,nan,nan,nan,nan,nan,nan,nan,nan,nan,nan,0.0,nan,nan,nan,nan,38.0,0.0,0.0
175500999.0,0.0,-273.0,nan,nan,nan,nan,nan,nan,nan,nan,nan,nan,nan,nan,nan,nan,nan,43.0,0.0,0.0
175501999.0,1.0,nan,-268.486064,nan,nan,nan,nan,nan,nan,nan,nan,nan,nan,nan,nan,nan,nan,25.0,0.0,0.0
175502999.0,2.0,nan,nan,31.745728000000017,nan,nan,nan,nan,nan,nan,nan,nan,nan,nan,nan,nan,nan,43.0,0.0,0.0
175503999.0,3.0,nan,nan,nan,33.06688000000002,nan,nan,nan,nan,nan,nan,nan,nan,nan,nan,nan,nan,40.0,0.0,0.0
175504999.0,4.0,nan,nan,nan,nan,1.24298384,nan,nan,nan,nan,nan,nan,nan,nan,nan,nan,nan,42.0,0.0,0.0
175505999.0,5.0,nan,nan,nan,nan,nan,0.00220192,nan,nan,nan,nan,nan,nan,nan,nan,nan,nan,34.0,0.0,0.0
175506999.0,6.0,nan,nan,nan,nan,nan,nan,0.37762928,nan,nan,nan,nan,nan,nan,nan,nan,nan,42.0,0.0,0.0
175508746.0,1.0,nan,162.09939199999997,nan,nan,nan,nan,nan,nan,nan,nan,nan,nan,nan,nan,nan,nan,512.0,9216.0,0.0
175508999.0,8.0,nan,nan,nan,nan,nan,nan,nan,nan,0.82461904,nan,nan,nan,nan,nan,nan,nan,36.0,0.0,0.0
175509999.0,9.0,nan,nan,nan,nan,nan,nan,nan,nan,nan,0.0,nan,nan,nan,nan,nan,nan,37.0,0.0,0.0
175510999.0,10.0,nan,nan,nan,nan,nan,nan,nan,nan,nan,nan,5.0,nan,nan,nan,nan,nan,28.0,0.0,0.0
175511999.0,11.0,nan,nan,nan,nan,nan,nan,nan,nan,nan,nan,nan,0.0,nan,nan,nan,nan,34.0,0.0,0.0
175512999.0,0.0,-273.0,nan,nan,nan,nan,nan,nan,nan,nan,nan,nan,nan,nan,nan,nan,nan,49.0,0.0,0.0
175513999.0,1.0,nan,-268.375968,nan,nan,nan,nan,nan,nan,nan,nan,nan,nan,nan,nan,nan,nan,37.0,0.0,0.0
175514999.0,2.0,nan,nan,31.745728000000017,nan,nan,nan,nan,nan,nan,nan,nan,nan,nan,nan,nan,nan,56.0,0.0,0.0
175515999.0,3.0,nan,nan,nan,32.95678400000001,nan,nan,nan,nan,nan,nan,nan,nan,nan,nan,nan,nan,41.0,0.0,0.0
175516999.0,4.0,nan,nan,nan,nan,1.22977232,nan,nan,nan,nan,nan,nan,nan,nan,nan,nan,nan,36.0,0.0,0.0
175517999.0,5.0,nan,nan,nan,nan,nan,0.00220192,nan,nan,nan,nan,nan,nan,nan,nan,nan,nan,54.0,0.0,0.0
175518999.0,6.0,nan,nan,nan,nan,nan,nan,0.37762928,nan,nan,nan,nan,nan,nan,nan,nan,nan,41.0,0.0,0.0
175519999.0,7.0,nan,nan,nan,nan,nan,nan,nan,0.0033028800000000002,nan,nan,nan,nan,nan,nan,nan,nan,41.0,0.0,0.0
175520999.0,8.0,nan,nan,nan,nan,nan,nan,nan,nan,0.82682096,nan,nan,nan,nan,nan,nan,nan,39.0,0.0,0.0
175521999.0,9.0,nan,nan,nan,nan,nan,nan,nan,nan,nan,0.0,nan,nan,nan,nan,nan,nan,44.0,0.0,0.0
175522999.0,10.0,nan,nan,nan,nan,nan,nan,nan,nan,nan,nan,5.0,nan,nan,nan,nan,nan,41.0,0.0,0.0
175523999.0,11.0,nan,nan,nan,nan,nan,nan,nan,nan,nan,nan,nan,0.0,nan,nan,nan,nan,40.0,0.0,0.0
175524999.0,0.0,-273.0,nan,nan,nan,nan,nan,nan,nan,nan,nan,nan,nan,nan,nan,nan,nan,32.0,0.0,0.0
175525999.0,1.0,nan,-268.59616,nan,nan,nan,nan,nan,nan,nan,nan,nan,nan,nan,nan,nan,nan,34.0,0.0,0.0
175526999.0,2.0,nan,nan,31.745728000000017,nan,nan,nan,nan,nan,nan,nan,nan,nan,nan,nan,nan,nan,43.0,0.0,0.0
175527999.0,3.0,nan,nan,nan,32.95678400000001,nan,nan,nan,nan,nan,nan,nan,nan,nan,nan,nan,nan,36.0,0.0,0.0
175528999.0,4.0,nan,nan,nan,nan,1.23747904,nan,nan,nan,nan,nan,nan,nan,nan,nan,nan,nan,36.0,0.0,0.0
175529999.0,5.0,nan,nan,nan,nan,nan,0.00220192,nan,nan,nan,nan,nan,nan,nan,nan,nan,nan,23.0,0.0,0.0
175530999.0,6.0,nan,nan,nan,nan,nan,nan,0.37652832,nan,nan,nan,nan,nan,nan,nan,nan,nan,38.0,0.0,0.0
175531999.0,7.0,nan,nan,nan,nan,nan,nan,nan,0.0033028800000000002,nan,nan,nan,nan,nan,nan,nan,nan,35.0,0.0,0.0
175532999.0,8.0,nan,nan,nan,nan,nan,nan,nan,nan,0.82792192,nan,nan,nan,nan,nan,nan,nan,40.0,0.0,0.0
175533999.0,9.0,nan,nan,nan,nan,nan,nan,nan,nan,nan,0.0,nan,nan,nan,nan,nan,nan,46.0,0.0,0.0
175534999.0,10.0,nan,nan,nan,nan,nan,nan,nan,nan,nan,nan,5.0,nan,nan,nan,nan,nan,33.0,0.0,0.0
175535999.0,11.0,nan,nan,nan,nan,nan,nan,nan,nan,nan,nan,nan,0.0,nan,nan,nan,nan,32.0,0.0,0.0
175536999.0,0.0,-273.0,nan,nan,nan,nan,nan,nan,nan,nan,nan,nan,nan,nan,nan,nan,nan,47.0,0.0,0.0
175537999.0,1.0,nan,-268.375968,nan,nan,nan,nan,nan,nan,nan,nan,nan,nan,nan,nan,nan,nan,37.0,0.0,0.0
175538999.0,2.0,nan,nan,31.745728000000017,nan,nan,nan,nan,nan,nan,nan,nan,nan,nan,nan,nan,nan,44.0,0.0,0.0
175539999.0,3.0,nan,nan,nan,32.95678400000001,nan,nan,nan,nan,nan,nan,nan,nan,nan,nan,nan,nan,37.0,0.0,0.0
175540999.0,4.0,nan,nan,nan,nan,1.24738768,nan,nan,nan,nan,nan,nan,nan,nan,nan,nan,nan,27.0,0.0,0.0
175541999.0,5.0,nan,nan,nan,nan,nan,0.00220192,nan,nan,nan,nan,nan,nan,nan,nan,nan,nan,33.0,0.0,0.0
175542999.0,6.0,nan,nan,nan,nan,nan,nan,0.37652832,nan,nan,nan,nan,nan,nan,nan,nan,nan,31.0,0.0,0.0
175543999.0,7.0,nan,nan,nan,nan,nan,nan,nan,0.0033028800000000002,nan,nan,nan,nan,nan,nan,nan,nan,35.0,0.0,0.0
175544999.0,8.0,nan,nan,nan,nan,nan,nan,nan,nan,0.82572,nan,nan,nan,nan,nan,nan,nan,36.0,0.0,0.0
175545999.0,9.0,nan,nan,nan,nan,nan,nan,nan,nan,nan,0.0,nan,nan,nan,nan,nan,nan,35.0,0.0,0.0
175546999.0,10.0,nan,nan,nan,nan,nan,nan,nan,nan,nan,nan,5.0,nan,nan,nan,nan,nan,50.0,0.0,0.0
175547999.0,11.0,nan,nan,nan,nan,nan,nan,nan,nan,nan,nan,nan,0.0,nan,nan,nan,nan,45.0,0.0,0.0
175548999.0,0.0,-273.0,nan,nan,nan,nan,nan,nan,nan,nan,nan,nan,nan,nan,nan,nan,nan,52.0,0.0,0.0
175549999.0,1.0,nan,-268.486064,nan,nan,nan,nan,nan,nan,nan,nan,nan,nan,nan,nan,nan,nan,46.0,0.0,0.0
175550999.0,2.0,nan,nan,31.745728000000017,nan,nan,nan,nan,nan,nan,nan,nan,nan,nan,nan,nan,nan,32.0,0.0,0.0
175551999.0,3.0,nan,nan,nan,32.95678400000001,nan,nan,nan,nan,nan,nan,nan,nan,nan,nan,nan,nan,54.0,0.0,0.0
175552999.0,4.0,nan,nan,nan,nan,1.24188288,nan,nan,nan,nan,nan,nan,nan,nan,nan,nan,nan,34.0,0.0,0.0
175553999.0,5.0,nan,nan,nan,nan,nan,0.00220192,nan,nan,nan,nan,nan,nan,nan,nan,nan,nan,48.0,0.0,0.0
175554999.0,6.0,nan,nan,nan,nan,nan,nan,0.37652832,nan,nan,nan,nan,nan,nan,nan,nan,nan,39.0,0.0,0.0
175555999.0,7.0,nan,nan,nan,nan,nan,nan,nan,0.0033028800000000002,nan,nan,nan,nan,nan,nan,nan,nan,29.0,0.0,0.0
175556999.0,8.0,nan,nan,nan,nan,nan,nan,nan,nan,0.82461904,nan,nan,nan,nan,nan,nan,nan,41.0,0.0,0.0
175557999.0,9.0,nan,nan,nan,nan,nan,nan,nan,nan,nan,0.0,nan,nan,nan,nan,nan,nan,44.0,0.0,0.0
175558999.0,10.0,nan,nan,nan,nan,nan,nan,nan,nan,nan,nan,5.0,nan,nan,nan,nan,nan,36.0,0.0,0.0
175559999.0,11.0,nan,nan,nan,nan,nan,nan,nan,nan,nan,nan,nan,0.0,nan,nan,nan,nan,30.0,0.0,0.0
175560999.0,0.0,-273.0,nan,nan,nan,nan,nan,nan,nan,nan,nan,nan,nan,nan,nan,nan,nan,36.0,0.0,0.0
175561999.0,1.0,nan,-268.486064,nan,nan,nan,nan,nan,nan,nan,nan,nan,nan,nan,nan,nan,nan,37.0,0.0,0.0
175562999.0,2.0,nan,nan,31.745728000000017,nan,nan,nan,nan,nan,nan,nan,nan,nan,nan,nan,nan,nan,44.0,0.0,0.0
175563999.0,3.0,nan,nan,nan,32.95678400000001,nan,nan,nan,nan,nan,nan,nan,nan,nan,nan,nan,nan,41.0,0.0,0.0
175564999.0,4.0,nan,nan,nan,nan,1.23858,nan,nan,nan,nan,nan,nan,nan,nan,nan,nan,nan,31.0,0.0,0.0
175565999.0,5.0,nan,nan,nan,nan,nan,0.00220192,nan,nan,nan,nan,nan,nan,nan,nan,nan,nan,35.0,0.0,0.0
175566999.0,6.0,nan,nan,nan,nan,nan,nan,0.37762928,nan,nan,nan,nan,nan,nan,nan,nan,nan,39.0,0.0,0.0
175567999.0,7.0,nan,nan,nan,nan,nan,nan,nan,0.0033028800000000002,nan,nan,nan,nan,nan,nan,nan,nan,41.0,0.0,0.0
175568999.0,8.0,nan,nan,nan,nan,nan,nan,nan,nan,0.82461904,nan,nan,nan,nan,nan,nan,nan,35.0,0.0,0.0
175569999.0,9.0,nan,nan,nan,nan,nan,nan,nan,nan,nan,0.0,nan,nan,nan,nan,nan,nan,31.0,0.0,0.0
175570999.0,10.0,nan,nan,nan,nan,nan,nan,nan,nan,nan,nan,5.0,nan,nan,nan,nan,nan,44.0,0.0,0.0
175571999.0,11.0,nan,nan,nan,nan,nan,nan,nan,nan,nan,nan,nan,0.0,nan,nan,nan,nan,42.0,0.0,0.0
175572999.0,0.0,-273.0,nan,nan,nan,nan,nan,nan,nan,nan,nan,nan,nan,nan,nan,nan,nan,40.0,0.0,0.0
175573999.0,1.0,nan,-268.486064,nan,nan,nan,nan,nan,nan,nan,nan,nan,nan,nan,nan,nan,nan,43.0,0.0,0.0
175574999.0,2.0,nan,nan,31.745728000000017,nan,nan,nan,nan,nan,nan,nan,nan,nan,nan,nan,nan,nan,33.0,0.0,0.0
175575999.0,3.0,nan,nan,nan,33.06688000000002,nan,nan,nan,nan,nan,nan,nan,nan,nan,nan,nan,nan,37.0,0.0,0.0
175576999.0,4.0,nan,nan,nan,nan,1.23637808,nan,nan,nan,nan,nan,nan,nan,nan,nan,nan,nan,30.0,0.0,0.0
175577999.0,5.0,nan,nan,nan,nan,nan,0.00220192,nan,nan,nan,nan,nan,nan,nan,nan,nan,nan,26.0,0.0,0.0
175578999.0,6.0,nan,nan,nan,nan,nan,nan,0.37762928,nan,nan,nan,nan,nan,nan,nan,nan,nan,42.0,0.0,0.0
175579999.0,7.0,nan,nan,nan,nan,nan,nan,nan,0.0033028800000000002,nan,nan,nan,nan,nan,nan,nan,nan,47.0,0.0,0.0
175580999.0,8.0,nan,nan,nan,nan,nan,nan,nan,nan,0.82572,nan,nan,nan,nan,nan,nan,nan,37.0,0.0,0.0
175581999.0,9.0,nan,nan,nan,nan,nan,nan,nan,nan,nan,0.0,nan,nan,nan,nan,nan,nan,37.0,0.0,0.0
175582999.0,10.0,nan,nan,nan,nan,nan,nan,nan,nan,nan,nan,5.0,nan,nan,nan,nan,nan,40.0,0.0,0.0
175583999.0,11.0,nan,nan,nan,nan,nan,nan,nan,nan,nan,nan,nan,0.0,nan,nan,nan,nan,48.0,0.0,0.0
175584999.0,0.0,-273.0,nan,nan,nan,nan,nan,nan,nan,nan,nan,nan,nan,nan,nan,nan,nan,45.0,0.0,0.0
175585999.0,1.0,nan,-268.375968,nan,nan,nan,nan,nan,nan,nan,nan,nan,nan,nan,nan,nan,nan,43.0,0.0,0.0
175586999.0,2.0,nan,nan,31.745728000000017,nan,nan,nan,nan,nan,nan,nan,nan,nan,nan,nan,nan,nan,37.0,0.0,0.0
175587999.0,3.0,nan,nan,nan,32.95678400000001,nan,nan,nan,nan,nan,nan,nan,nan,nan,nan,nan,nan,28.0,0.0,0.0
175588999.0,4.0,nan,nan,nan,nan,1.25179152,nan,nan,nan,nan,nan,nan,nan,nan,nan,nan,nan,32.0,0.0,0.0
175589999.0,5.0,nan,nan,nan,nan,nan,0.00110096,nan,nan,nan,nan,nan,nan,nan,nan,nan,nan,41.0,0.0,0.0
175590999.0,6.0,nan,nan,nan,nan,nan,nan,0.37762928,nan,nan,nan,nan,nan,nan,nan,nan,nan,43.0,0.0,0.0
175591999.0,7.0,nan,nan,nan,nan,nan,nan,nan,0.0033028800000000002,nan,nan,nan,nan,nan,nan,nan,nan,31.0,0.0,0.0
175592999.0,8.0,nan,nan,nan,nan,nan,nan,nan,nan,0.82351808,nan,nan,nan,nan,nan,nan,nan,41.0,0.0,0.0
175593999.0,9.0,nan,nan,nan,nan,nan,nan,nan,nan,nan,0.0,nan,nan,nan,nan,nan,nan,35.0,0.0,0.0
175594999.0,10.0,nan,nan,nan,nan,nan,nan,nan,nan,nan,nan,5.0,nan,nan,nan,nan,nan,49.0,0.0,0.0
175595999.0,11.0,nan,nan,nan,nan,nan,nan,nan,nan,nan,nan,nan,0.0,nan,nan,nan,nan,40.0,0.0,0.0
175596999.0,0.0,-273.0,nan,nan,nan,nan,nan,nan,nan,nan,nan,nan,nan,nan,nan,nan,nan,44.0,0.0,0.0
175597999.0,1.0,nan,-268.486064,nan,nan,nan,nan,nan,nan,nan,nan,nan,nan,nan,nan,nan,nan,41.0,0.0,0.0
175598999.0,2.0,nan,nan,31.745728000000017,nan,nan,nan,nan,nan,nan,nan,nan,nan,nan,nan,nan,nan,42.0,0.0,0.0
175599999.0,3.0,nan,nan,nan,32.95678400000001,nan,nan,nan,nan,nan,nan,nan,nan,nan,nan,nan,nan,37.0,0.0,0.0
175600999.0,4.0,nan,nan,nan,nan,1.23858,nan,nan,nan,nan,nan,nan,nan,nan,nan,nan,nan,38.0,0.0,0.0
175601999.0,5.0,nan,nan,nan,nan,nan,0.00220192,nan,nan,nan,nan,nan,nan,nan,nan,nan,nan,40.0,0.0,0.0
175602999.0,6.0,nan,nan,nan,nan,nan,nan,0.37873024,nan,nan,nan,nan,nan,nan,nan,nan,nan,35.0,0.0,0.0
175603999.0,7.0,nan,nan,nan,nan,nan,nan,nan,0.0033028800000000002,nan,nan,nan,nan,nan,nan,nan,nan,42.0,0.0,0.0
175604999.0,8.0,nan,nan,nan,nan,nan,nan,nan,nan,0.82682096,nan,nan,nan,nan,nan,nan,nan,40.0,0.0,0.0
175605999.0,9.0,nan,nan,nan,nan,nan,nan,nan,nan,nan,0.0,nan,nan,nan,nan,nan,nan,50.0,0.0,0.0
175606999.0,10.0,nan,nan,nan,nan,nan,nan,nan,nan,nan,nan,5.0,nan,nan,nan,nan,nan,31.0,0.0,0.0
175607999.0,11.0,nan,nan,nan,nan,nan,nan,nan,nan,nan,nan,nan,0.0,nan,nan,nan,nan,30.0,0.0,0.0
175608999.0,0.0,-273.0,nan,nan,nan,nan,nan,nan,nan,nan,nan,nan,nan,nan,nan,nan,nan,52.0,0.0,0.0
175609999.0,1.0,nan,-268.486064,nan,nan,nan,nan,nan,nan,nan,nan,nan,nan,nan,nan,nan,nan,47.0,0.0,0.0
175610999.0,2.0,nan,nan,31.745728000000017,nan,nan,nan,nan,nan,nan,nan,nan,nan,nan,nan,nan,nan,44.0,0.0,0.0
175611999.0,3.0,nan,nan,nan,33.06688000000002,nan,nan,nan,nan,nan,nan,nan,nan,nan,nan,nan,nan,35.0,0.0,0.0
175612999.0,4.0,nan,nan,nan,nan,1.23747904,nan,nan,nan,nan,nan,nan,nan,nan,nan,nan,nan,35.0,0.0,0.0
175613999.0,5.0,nan,nan,nan,nan,nan,0.00220192,nan,nan,nan,nan,nan,nan,nan,nan,nan,nan,39.0,0.0,0.0
175614999.0,6.0,nan,nan,nan,nan,nan,nan,0.37762928,nan,nan,nan,nan,nan,nan,nan,nan,nan,40.0,0.0,0.0
175615999.0,7.0,nan,nan,nan,nan,nan,nan,nan,0.0033028800000000002,nan,nan,nan,nan,nan,nan,nan,nan,49.0,0.0,0.0
175616999.0,8.0,nan,nan,nan,nan,nan,nan,nan,nan,0.82682096,nan,nan,nan,nan,nan,nan,nan,25.0,0.0,0.0
175617999.0,9.0,nan,nan,nan,nan,nan,nan,nan,nan,nan,0.0,nan,nan,nan,nan,nan,nan,53.0,0.0,0.0
175618999.0,10.0,nan,nan,nan,nan,nan,nan,nan,nan,nan,nan,5.0,nan,nan,nan,nan,nan,34.0,0.0,0.0
175619999.0,11.0,nan,nan,nan,nan,nan,nan,nan,nan,nan,nan,nan,0.0,nan,nan,nan,nan,43.0,0.0,0.0
175620999.0,0.0,-273.0,nan,nan,nan,nan,nan,nan,nan,nan,nan,nan,nan,nan,nan,nan,nan,40.0,0.0,0.0
175621999.0,1.0,nan,-268.486064,nan,nan,nan,nan,nan,nan,nan,nan,nan,nan,nan,nan,nan,nan,38.0,0.0,0.0
175622999.0,2.0,nan,nan,31.745728000000017,nan,nan,nan,nan,nan,nan,nan,nan,nan,nan,nan,nan,nan,36.0,0.0,0.0
175623999.0,3.0,nan,nan,nan,32.95678400000001,nan,nan,nan,nan,nan,nan,nan,nan,nan,nan,nan,nan,37.0,0.0,0.0
175624999.0,4.0,nan,nan,nan,nan,1.2275704,nan,nan,nan,nan,nan,nan,nan,nan,nan,nan,nan,41.0,0.0,0.0
175625999.0,5.0,nan,nan,nan,nan,nan,0.00220192,nan,nan,nan,nan,nan,nan,nan,nan,nan,nan,41.0,0.0,0.0
175626999.0,6.0,nan,nan,nan,nan,nan,nan,0.37762928,nan,nan,nan,nan,nan,nan,nan,nan,nan,43.0,0.0,0.0
175627999.0,7.0,nan,nan,nan,nan,nan,nan,nan,0.0033028800000000002,nan,nan,nan,nan,nan,nan,nan,nan,45.0,0.0,0.0
175628999.0,8.0,nan,nan,nan,nan,nan,nan,nan,nan,0.82351808,nan,nan,nan,nan,nan,nan,nan,39.0,0.0,0.0
175629999.0,9.0,nan,nan,nan,nan,nan,nan,nan,nan,nan,0.0,nan,nan,nan,nan,nan,nan,39.0,0.0,0.0
175630999.0,10.0,nan,nan,nan,nan,nan,nan,nan,nan,nan,nan,5.0,nan,nan,nan,nan,nan,38.0,0.0,0.0
175631999.0,11.0,nan,nan,nan,nan,nan,nan,nan,nan,nan,nan,nan,0.0,nan,nan,nan,nan,32.0,0.0,0.0
175632999.0,0.0,-273.0,nan,nan,nan,nan,nan,nan,nan,nan,nan,nan,nan,nan,nan,nan,nan,42.0,0.0,0.0
175633999.0,1.0,nan,-268.486064,nan,nan,nan,nan,nan,nan,nan,nan,nan,nan,nan,nan,nan,nan,50.0,0.0,0.0
175634999.0,2.0,nan,nan,31.745728000000017,nan,nan,nan,nan,nan,nan,nan,nan,nan,nan,nan,nan,nan,37.0,0.0,0.0
175635999.0,3.0,nan,nan,nan,33.06688000000002,nan,nan,nan,nan,nan,nan,nan,nan,nan,nan,nan,nan,44.0,0.0,0.0
175636999.0,4.0,nan,nan,nan,nan,1.23747904,nan,nan,nan,nan,nan,nan,nan,nan,nan,nan,nan,41.0,0.0,0.0
175637999.0,5.0,nan,nan,nan,nan,nan,0.00220192,nan,nan,nan,nan,nan,nan,nan,nan,nan,nan,52.0,0.0,0.0
175638999.0,6.0,nan,nan,nan,nan,nan,nan,0.37762928,nan,nan,nan,nan,nan,nan,nan,nan,nan,50.0,0.0,0.0
175639999.0,7.0,nan,nan,nan,nan,nan,nan,nan,0.0033028800000000002,nan,nan,nan,nan,nan,nan,nan,nan,35.0,0.0,0.0
175640999.0,8.0,nan,nan,nan,nan,nan,nan,nan,nan,0.82241712,nan,nan,nan,nan,nan,nan,nan,42.0,0.0,0.0
175641999.0,9.0,nan,nan,nan,nan,nan,nan,nan,nan,nan,0.0,nan,nan,nan,nan,nan,nan,40.0,0.0,0.0
175642999.0,10.0,nan,nan,nan,nan,nan,nan,nan,nan,nan,nan,5.0,nan,nan,nan,nan,nan,40.0,0.0,0.0
175643999.0,11.0,nan,nan,nan,nan,nan,nan,nan,nan,nan,nan,nan,0.0,nan,nan,nan,nan,38.0,0.0,0.0
175644999.0,0.0,-273.0,nan,nan,nan,nan,nan,nan,nan,nan,nan,nan,nan,nan,nan,nan,nan,39.0,0.0,0.0
175645999.0,1.0,nan,-268.486064,nan,nan,nan,nan,nan,nan,nan,nan,nan,nan,nan,nan,nan,nan,39.0,0.0,0.0
175646999.0,2.0,nan,nan,31.745728000000017,nan,nan,nan,nan,nan,nan,nan,nan,nan,nan,nan,nan,nan,36.0,0.0,0.0
175647999.0,3.0,nan,nan,nan,32.95678400000001,nan,nan,nan,nan,nan,nan,nan,nan,nan,nan,nan,nan,44.0,0.0,0.0
175648999.0,4.0,nan,nan,nan,nan,1.24298384,nan,nan,nan,nan,nan,nan,nan,nan,nan,nan,nan,35.0,0.0,0.0
175649999.0,5.0,nan,nan,nan,nan,nan,0.00220192,nan,nan,nan,nan,nan,nan,nan,nan,nan,nan,44.0,0.0,0.0
175650999.0,6.0,nan,nan,nan,nan,nan,nan,0.37652832,nan,nan,nan,nan,nan,nan,nan,nan,nan,44.0,0.0,0.0
175651999.0,7.0,nan,nan,nan,nan,nan,nan,nan,0.0033028800000000002,nan,nan,nan,nan,nan,nan,nan,nan,32.0,0.0,0.0
175652999.0,8.0,nan,nan,nan,nan,nan,nan,nan,nan,0.82792192,nan,nan,nan,nan,nan,nan,nan,30.0,0.0,0.0
175653999.0,9.0,nan,nan,nan,nan,nan,nan,nan,nan,nan,0.0,nan,nan,nan,nan,nan,nan,42.0,0.0,0.0
175654999.0,10.0,nan,nan,nan,nan,nan,nan,nan,nan,nan,nan,5.0,nan,nan,nan,nan,nan,40.0,0.0,0.0
175655999.0,11.0,nan,nan,nan,nan,nan,nan,nan,nan,nan,nan,nan,0.0,nan,nan,nan,nan,37.0,0.0,0.0
175656999.0,0.0,-273.0,nan,nan,nan,nan,nan,nan,nan,nan,nan,nan,nan,nan,nan,nan,nan,50.0,0.0,0.0
175657999.0,1.0,nan,-268.486064,nan,nan,nan,nan,nan,nan,nan,nan,nan,nan,nan,nan,nan,nan,47.0,0.0,0.0
175658999.0,2.0,nan,nan,31.745728000000017,nan,nan,nan,nan,nan,nan,nan,nan,nan,nan,nan,nan,nan,36.0,0.0,0.0
175659999.0,3.0,nan,nan,nan,33.06688000000002,nan,nan,nan,nan,nan,nan,nan,nan,nan,nan,nan,nan,45.0,0.0,0.0
175660999.0,4.0,nan,nan,nan,nan,1.22867136,nan,nan,nan,nan,nan,nan,nan,nan,nan,nan,nan,45.0,0.0,0.0
175661999.0,5.0,nan,nan,nan,nan,nan,0.00220192,nan,nan,nan,nan,nan,nan,nan,nan,nan,nan,40.0,0.0,0.0
175662999.0,6.0,nan,nan,nan,nan,nan,nan,0.37652832,nan,nan,nan,nan,nan,nan,nan,nan,nan,43.0,0.0,0.0
175663999.0,7.0,nan,nan,nan,nan,nan,nan,nan,0.0033028800000000002,nan,nan,nan,nan,nan,nan,nan,nan,33.0,0.0,0.0
175664999.0,8.0,nan,nan,nan,nan,nan,nan,nan,nan,0.82572,nan,nan,nan,nan,nan,nan,nan,39.0,0.0,0.0
175665999.0,9.0,nan,nan,nan,nan,nan,nan,nan,nan,nan,0.0,nan,nan,nan,nan,nan,nan,38.0,0.0,0.0
175666999.0,10.0,nan,nan,nan,nan,nan,nan,nan,nan,nan,nan,5.0,nan,nan,nan,nan,nan,46.0,0.0,0.0
175667999.0,11.0,nan,nan,nan,nan,nan,nan,nan,nan,nan,nan,nan,0.0,nan,nan,nan,nan,37.0,0.0,0.0
175668999.0,0.0,-273.0,nan,nan,nan,nan,nan,nan,nan,nan,nan,nan,nan,nan,nan,nan,nan,37.0,0.0,0.0
175669999.0,1.0,nan,-268.486064,nan,nan,nan,nan,nan,nan,nan,nan,nan,nan,nan,nan,nan,nan,33.0,0.0,0.0
175670999.0,2.0,nan,nan,31.745728000000017,nan,nan,nan,nan,nan,nan,nan,nan,nan,nan,nan,nan,nan,31.0,0.0,0.0
175671999.0,3.0,nan,nan,nan,33.06688000000002,nan,nan,nan,nan,nan,nan,nan,nan,nan,nan,nan,nan,44.0,0.0,0.0
175672999.0,4.0,nan,nan,nan,nan,1.24188288,nan,nan,nan,nan,nan,nan,nan,nan,nan,nan,nan,34.0,0.0,0.0
175673999.0,5.0,nan,nan,nan,nan,nan,0.00220192,nan,nan,nan,nan,nan,nan,nan,nan,nan,nan,41.0,0.0,0.0
175674999.0,6.0,nan,nan,nan,nan,nan,nan,0.37652832,nan,nan,nan,nan,nan,nan,nan,nan,nan,34.0,0.0,0.0
175675999.0,7.0,nan,nan,nan,nan,nan,nan,nan,0.0033028800000000002,nan,nan,nan,nan,nan,nan,nan,nan,28.0,0.0,0.0
175676999.0,8.0,nan,nan,nan,nan,nan,nan,nan,nan,0.82902288,nan,nan,nan,nan,nan,nan,nan,29.0,0.0,0.0
175677999.0,9.0,nan,nan,nan,nan,nan,nan,nan,nan,nan,0.0,nan,nan,nan,nan,nan,nan,44.0,0.0,0.0
175678999.0,10.0,nan,nan,nan,nan,nan,nan,nan,nan,nan,nan,5.0,nan,nan,nan,nan,nan,31.0,0.0,0.0
175679999.0,11.0,nan,nan,nan,nan,nan,nan,nan,nan,nan,nan,nan,0.0,nan,nan,nan,nan,39.0,0.0,0.0
175680999.0,0.0,-273.0,nan,nan,nan,nan,nan,nan,nan,nan,nan,nan,nan,nan,nan,nan,nan,26.0,0.0,0.0
175681999.0,1.0,nan,-268.486064,nan,nan,nan,nan,nan,nan,nan,nan,nan,nan,nan,nan,nan,nan,36.0,0.0,0.0
175682999.0,2.0,nan,nan,31.745728000000017,nan,nan,nan,nan,nan,nan,nan,nan,nan,nan,nan,nan,nan,45.0,0.0,0.0
175683999.0,3.0,nan,nan,nan,32.95678400000001,nan,nan,nan,nan,nan,nan,nan,nan,nan,nan,nan,nan,46.0,0.0,0.0
175684999.0,4.0,nan,nan,nan,nan,1.24848864,nan,nan,nan,nan,nan,nan,nan,nan,nan,nan,nan,49.0,0.0,0.0
175685999.0,5.0,nan,nan,nan,nan,nan,0.00220192,nan,nan,nan,nan,nan,nan,nan,nan,nan,nan,41.0,0.0,0.0
175686999.0,6.0,nan,nan,nan,nan,nan,nan,0.37542736,nan,nan,nan,nan,nan,nan,nan,nan,nan,43.0,0.0,0.0
175687999.0,7.0,nan,nan,nan,nan,nan,nan,nan,0.0033028800000000002,nan,nan,nan,nan,nan,nan,nan,nan,34.0,0.0,0.0
175688999.0,8.0,nan,nan,nan,nan,nan,nan,nan,nan,0.8301238400000001,nan,nan,nan,nan,nan,nan,nan,46.0,0.0,0.0
175689999.0,9.0,nan,nan,nan,nan,nan,nan,nan,nan,nan,0.0,nan,nan,nan,nan,nan,nan,31.0,0.0,0.0
175690999.0,10.0,nan,nan,nan,nan,nan,nan,nan,nan,nan,nan,5.0,nan,nan,nan,nan,nan,48.0,0.0,0.0
175691999.0,11.0,nan,nan,nan,nan,nan,nan,nan,nan,nan,nan,nan,0.0,nan,nan,nan,nan,32.0,0.0,0.0
175692999.0,0.0,-273.0,nan,nan,nan,nan,nan,nan,nan,nan,nan,nan,nan,nan,nan,nan,nan,36.0,0.0,0.0
175693999.0,1.0,nan,-268.486064,nan,nan,nan,nan,nan,nan,nan,nan,nan,nan,nan,nan,nan,nan,39.0,0.0,0.0
175694999.0,2.0,nan,nan,31.745728000000017,nan,nan,nan,nan,nan,nan,nan,nan,nan,nan,nan,nan,nan,39.0,0.0,0.0
175695999.0,3.0,nan,nan,nan,32.95678400000001,nan,nan,nan,nan,nan,nan,nan,nan,nan,nan,nan,nan,35.0,0.0,0.0
175696999.0,4.0,nan,nan,nan,nan,1.22316656,nan,nan,nan,nan,nan,nan,nan,nan,nan,nan,nan,40.0,0.0,0.0
175697999.0,5.0,nan,nan,nan,nan,nan,0.00220192,nan,nan,nan,nan,nan,nan,nan,nan,nan,nan,46.0,0.0,0.0
175698999.0,6.0,nan,nan,nan,nan,nan,nan,0.37652832,nan,nan,nan,nan,nan,nan,nan,nan,nan,43.0,0.0,0.0
175699999.0,7.0,nan,nan,nan,nan,nan,nan,nan,0.0033028800000000002,nan,nan,nan,nan,nan,nan,nan,nan,40.0,0.0,0.0
175700999.0,8.0,nan,nan,nan,nan,nan,nan,nan,nan,0.82902288,nan,nan,nan,nan,nan,nan,nan,39.0,0.0,0.0
175701999.0,9.0,nan,nan,nan,nan,nan,nan,nan,nan,nan,0.0,nan,nan,nan,nan,nan,nan,35.0,0.0,0.0
175702999.0,10.0,nan,nan,nan,nan,nan,nan,nan,nan,nan,nan,5.0,nan,nan,nan,nan,nan,38.0,0.0,0.0
175703999.0,11.0,nan,nan,nan,nan,nan,nan,nan,nan,nan,nan,nan,0.0,nan,nan,nan,nan,31.0,0.0,0.0
175704999.0,0.0,-273.0,nan,nan,nan,nan,nan,nan,nan,nan,nan,nan,nan,nan,nan,nan,nan,37.0,0.0,0.0
175705999.0,1.0,nan,-268.375968,nan,nan,nan,nan,nan,nan,nan,nan,nan,nan,nan,nan,nan,nan,43.0,0.0,0.0
175706999.0,2.0,nan,nan,31.745728000000017,nan,nan,nan,nan,nan,nan,nan,nan,nan,nan,nan,nan,nan,45.0,0.0,0.0
175707999.0,3.0,nan,nan,nan,33.06688000000002,nan,nan,nan,nan,nan,nan,nan,nan,nan,nan,nan,nan,46.0,0.0,0.0
175708999.0,4.0,nan,nan,nan,nan,1.266104,nan,nan,nan,nan,nan,nan,nan,nan,nan,nan,nan,38.0,0.0,0.0
175709999.0,5.0,nan,nan,nan,nan,nan,0.00220192,nan,nan,nan,nan,nan,nan,nan,nan,nan,nan,45.0,0.0,0.0
175710999.0,6.0,nan,nan,nan,nan,nan,nan,0.37652832,nan,nan,nan,nan,nan,nan,nan,nan,nan,42.0,0.0,0.0
175711999.0,7.0,nan,nan,nan,nan,nan,nan,nan,0.0033028800000000002,nan,nan,nan,nan,nan,nan,nan,nan,40.0,0.0,0.0
175712999.0,8.0,nan,nan,nan,nan,nan,nan,nan,nan,0.8312248,nan,nan,nan,nan,nan,nan,nan,30.0,0.0,0.0
175713999.0,9.0,nan,nan,nan,nan,nan,nan,nan,nan,nan,0.0,nan,nan,nan,nan,nan,nan,45.0,0.0,0.0
175714999.0,10.0,nan,nan,nan,nan,nan,nan,nan,nan,nan,nan,5.0,nan,nan,nan,nan,nan,33.0,0.0,0.0
175715999.0,11.0,nan,nan,nan,nan,nan,nan,nan,nan,nan,nan,nan,0.0,nan,nan,nan,nan,39.0,0.0,0.0
175716999.0,0.0,-273.0,nan,nan,nan,nan,nan,nan,nan,nan,nan,nan,nan,nan,nan,nan,nan,46.0,0.0,0.0
175717999.0,1.0,nan,-268.59616,nan,nan,nan,nan,nan,nan,nan,nan,nan,nan,nan,nan,nan,nan,35.0,0.0,0.0
175718999.0,2.0,nan,nan,31.745728000000017,nan,nan,nan,nan,nan,nan,nan,nan,nan,nan,nan,nan,nan,32.0,0.0,0.0
175719999.0,3.0,nan,nan,nan,32.95678400000001,nan,nan,nan,nan,nan,nan,nan,nan,nan,nan,nan,nan,44.0,0.0,0.0
175720999.0,4.0,nan,nan,nan,nan,1.23527712,nan,nan,nan,nan,nan,nan,nan,nan,nan,nan,nan,43.0,0.0,0.0
175721999.0,5.0,nan,nan,nan,nan,nan,0.00220192,nan,nan,nan,nan,nan,nan,nan,nan,nan,nan,44.0,0.0,0.0
175722999.0,6.0,nan,nan,nan,nan,nan,nan,0.37762928,nan,nan,nan,nan,nan,nan,nan,nan,nan,39.0,0.0,0.0
175723999.0,7.0,nan,nan,nan,nan,nan,nan,nan,0.0033028800000000002,nan,nan,nan,nan,nan,nan,nan,nan,33.0,0.0,0.0
175724999.0,8.0,nan,nan,nan,nan,nan,nan,nan,nan,0.8301238400000001,nan,nan,nan,nan,nan,nan,nan,39.0,0.0,0.0
175725999.0,9.0,nan,nan,nan,nan,nan,nan,nan,nan,nan,0.0,nan,nan,nan,nan,nan,nan,42.0,0.0,0.0
175726999.0,10.0,nan,nan,nan,nan,nan,nan,nan,nan,nan,nan,5.0,nan,nan,nan,nan,nan,46.0,0.0,0.0
175727999.0,11.0,nan,nan,nan,nan,nan,nan,nan,nan,nan,nan,nan,0.0,nan,nan,nan,nan,48.0,0.0,0.0
175728999.0,0.0,-273.0,nan,nan,nan,nan,nan,nan,nan,nan,nan,nan,nan,nan,nan,nan,nan,50.0,0.0,0.0
175729999.0,1.0,nan,-268.486064,nan,nan,nan,nan,nan,nan,nan,nan,nan,nan,nan,nan,nan,nan,31.0,0.0,0.0
175730999.0,2.0,nan,nan,31.745728000000017,nan,nan,nan,nan,nan,nan,nan,nan,nan,nan,nan,nan,nan,51.0,0.0,0.0
175731999.0,3.0,nan,nan,nan,32.95678400000001,nan,nan,nan,nan,nan,nan,nan,nan,nan,nan,nan,nan,36.0,0.0,0.0
175732999.0,4.0,nan,nan,nan,nan,1.23087328,nan,nan,nan,nan,nan,nan,nan,nan,nan,nan,nan,38.0,0.0,0.0
175733999.0,5.0,nan,nan,nan,nan,nan,0.00220192,nan,nan,nan,nan,nan,nan,nan,nan,nan,nan,42.0,0.0,0.0
175734999.0,6.0,nan,nan,nan,nan,nan,nan,0.37652832,nan,nan,nan,nan,nan,nan,nan,nan,nan,37.0,0.0,0.0
175735999.0,7.0,nan,nan,nan,nan,nan,nan,nan,0.0033028800000000002,nan,nan,nan,nan,nan,nan,nan,nan,41.0,0.0,0.0
175736999.0,8.0,nan,nan,nan,nan,nan,nan,nan,nan,0.82461904,nan,nan,nan,nan,nan,nan,nan,37.0,0.0,0.0
175737999.0,9.0,nan,nan,nan,nan,nan,nan,nan,nan,nan,0.0,nan,nan,nan,nan,nan,nan,31.0,0.0,0.0
175738999.0,10.0,nan,nan,nan,nan,nan,nan,nan,nan,nan,nan,5.0,nan,nan,nan,nan,nan,30.0,0.0,0.0
175739999.0,11.0,nan,nan,nan,nan,nan,nan,nan,nan,nan,nan,nan,0.0,nan,nan,nan,nan,37.0,0.0,0.0
175740999.0,0.0,-273.0,nan,nan,nan,nan,nan,nan,nan,nan,nan,nan,nan,nan,nan,nan,nan,34.0,0.0,0.0
175741999.0,1.0,nan,-268.486064,nan,nan,nan,nan,nan,nan,nan,nan,nan,nan,nan,nan,nan,nan,38.0,0.0,0.0
175742999.0,2.0,nan,nan,31.745728000000017,nan,nan,nan,nan,nan,nan,nan,nan,nan,nan,nan,nan,nan,45.0,0.0,0.0
175743999.0,3.0,nan,nan,nan,33.06688000000002,nan,nan,nan,nan,nan,nan,nan,nan,nan,nan,nan,nan,44.0,0.0,0.0
175744999.0,4.0,nan,nan,nan,nan,1.22316656,nan,nan,nan,nan,nan,nan,nan,nan,nan,nan,nan,39.0,0.0,0.0
175745999.0,5.0,nan,nan,nan,nan,nan,0.00220192,nan,nan,nan,nan,nan,nan,nan,nan,nan,nan,39.0,0.0,0.0
175746999.0,6.0,nan,nan,nan,nan,nan,nan,0.37652832,nan,nan,nan,nan,nan,nan,nan,nan,nan,40.0,0.0,0.0
175747999.0,7.0,nan,nan,nan,nan,nan,nan,nan,0.0033028800000000002,nan,nan,nan,nan,nan,nan,nan,nan,43.0,0.0,0.0
175748999.0,8.0,nan,nan,nan,nan,nan,nan,nan,nan,0.82682096,nan,nan,nan,nan,nan,nan,nan,44.0,0.0,0.0
175749999.0,9.0,nan,nan,nan,nan,nan,nan,nan,nan,nan,0.0,nan,nan,nan,nan,nan,nan,51.0,0.0,0.0
175750999.0,10.0,nan,nan,nan,nan,nan,nan,nan,nan,nan,nan,5.0,nan,nan,nan,nan,nan,32.0,0.0,0.0
175751999.0,11.0,nan,nan,nan,nan,nan,nan,nan,nan,nan,nan,nan,0.0,nan,nan,nan,nan,34.0,0.0,0.0
175752999.0,0.0,-273.0,nan,nan,nan,nan,nan,nan,nan,nan,nan,nan,nan,nan,nan,nan,nan,29.0,0.0,0.0
175753999.0,1.0,nan,-268.486064,nan,nan,nan,nan,nan,nan,nan,nan,nan,nan,nan,nan,nan,nan,35.0,0.0,0.0
175754999.0,2.0,nan,nan,31.745728000000017,nan,nan,nan,nan,nan,nan,nan,nan,nan,nan,nan,nan,nan,41.0,0.0,0.0
175755999.0,3.0,nan,nan,nan,33.06688000000002,nan,nan,nan,nan,nan,nan,nan,nan,nan,nan,nan,nan,55.0,0.0,0.0
175756999.0,4.0,nan,nan,nan,nan,1.23527712,nan,nan,nan,nan,nan,nan,nan,nan,nan,nan,nan,36.0,0.0,0.0
175757999.0,5.0,nan,nan,nan,nan,nan,0.00220192,nan,nan,nan,nan,nan,nan,nan,nan,nan,nan,44.0,0.0,0.0
175758999.0,6.0,nan,nan,nan,nan,nan,nan,0.37652832,nan,nan,nan,nan,nan,nan,nan,nan,nan,36.0,0.0,0.0
175759999.0,7.0,nan,nan,nan,nan,nan,nan,nan,0.0033028800000000002,nan,nan,nan,nan,nan,nan,nan,nan,35.0,0.0,0.0
175760999.0,8.0,nan,nan,nan,nan,nan,nan,nan,nan,0.82461904,nan,nan,nan,nan,nan,nan,nan,37.0,0.0,0.0
175761999.0,9.0,nan,nan,nan,nan,nan,nan,nan,nan,nan,0.0,nan,nan,nan,nan,nan,nan,33.0,0.0,0.0
175762999.0,10.0,nan,nan,nan,nan,nan,nan,nan,nan,nan,nan,5.0,nan,nan,nan,nan,nan,39.0,0.0,0.0
175763999.0,11.0,nan,nan,nan,nan,nan,nan,nan,nan,nan,nan,nan,0.0,nan,nan,nan,nan,41.0,0.0,0.0
175764999.0,0.0,-273.0,nan,nan,nan,nan,nan,nan,nan,nan,nan,nan,nan,nan,nan,nan,nan,31.0,0.0,0.0
175765999.0,1.0,nan,-268.375968,nan,nan,nan,nan,nan,nan,nan,nan,nan,nan,nan,nan,nan,nan,35.0,0.0,0.0
175766999.0,2.0,nan,nan,31.745728000000017,nan,nan,nan,nan,nan,nan,nan,nan,nan,nan,nan,nan,nan,42.0,0.0,0.0
175767999.0,3.0,nan,nan,nan,33.06688000000002,nan,nan,nan,nan,nan,nan,nan,nan,nan,nan,nan,nan,38.0,0.0,0.0
175768999.0,4.0,nan,nan,nan,nan,1.23968096,nan,nan,nan,nan,nan,nan,nan,nan,nan,nan,nan,47.0,0.0,0.0
175769999.0,5.0,nan,nan,nan,nan,nan,0.00220192,nan,nan,nan,nan,nan,nan,nan,nan,nan,nan,43.0,0.0,0.0
175770999.0,6.0,nan,nan,nan,nan,nan,nan,0.37542736,nan,nan,nan,nan,nan,nan,nan,nan,nan,39.0,0.0,0.0
175771999.0,7.0,nan,nan,nan,nan,nan,nan,nan,0.0033028800000000002,nan,nan,nan,nan,nan,nan,nan,nan,33.0,0.0,0.0
175772999.0,8.0,nan,nan,nan,nan,nan,nan,nan,nan,0.8301238400000001,nan,nan,nan,nan,nan,nan,nan,38.0,0.0,0.0
175773999.0,9.0,nan,nan,nan,nan,nan,nan,nan,nan,nan,0.0,nan,nan,nan,nan,nan,nan,40.0,0.0,0.0
175774999.0,10.0,nan,nan,nan,nan,nan,nan,nan,nan,nan,nan,5.0,nan,nan,nan,nan,nan,41.0,0.0,0.0
175775999.0,11.0,nan,nan,nan,nan,nan,nan,nan,nan,nan,nan,nan,0.0,nan,nan,nan,nan,38.0,0.0,0.0
175776999.0,0.0,-273.0,nan,nan,nan,nan,nan,nan,nan,nan,nan,nan,nan,nan,nan,nan,nan,37.0,0.0,0.0
175777999.0,1.0,nan,-268.59616,nan,nan,nan,nan,nan,nan,nan,nan,nan,nan,nan,nan,nan,nan,33.0,0.0,0.0
175778999.0,2.0,nan,nan,31.745728000000017,nan,nan,nan,nan,nan,nan,nan,nan,nan,nan,nan,nan,nan,43.0,0.0,0.0
175779999.0,3.0,nan,nan,nan,33.06688000000002,nan,nan,nan,nan,nan,nan,nan,nan,nan,nan,nan,nan,36.0,0.0,0.0
175780999.0,4.0,nan,nan,nan,nan,1.23747904,nan,nan,nan,nan,nan,nan,nan,nan,nan,nan,nan,36.0,0.0,0.0
175781999.0,5.0,nan,nan,nan,nan,nan,0.00220192,nan,nan,nan,nan,nan,nan,nan,nan,nan,nan,43.0,0.0,0.0
175782999.0,6.0,nan,nan,nan,nan,nan,nan,0.37652832,nan,nan,nan,nan,nan,nan,nan,nan,nan,37.0,0.0,0.0
175783999.0,7.0,nan,nan,nan,nan,nan,nan,nan,0.0033028800000000002,nan,nan,nan,nan,nan,nan,nan,nan,30.0,0.0,0.0
175784999.0,8.0,nan,nan,nan,nan,nan,nan,nan,nan,0.82792192,nan,nan,nan,nan,nan,nan,nan,46.0,0.0,0.0
175785999.0,9.0,nan,nan,nan,nan,nan,nan,nan,nan,nan,0.0,nan,nan,nan,nan,nan,nan,39.0,0.0,0.0
175786999.0,10.0,nan,nan,nan,nan,nan,nan,nan,nan,nan,nan,5.0,nan,nan,nan,nan,nan,49.0,0.0,0.0
175787999.0,11.0,nan,nan,nan,nan,nan,nan,nan,nan,nan,nan,nan,0.0,nan,nan,nan,nan,2.0,0.0,0.0
175788999.0,0.0,-273.0,nan,nan,nan,nan,nan,nan,nan,nan,nan,nan,nan,nan,nan,nan,nan,1.0,0.0,0.0
175789999.0,1.0,nan,-268.265872,nan,nan,nan,nan,nan,nan,nan,nan,nan,nan,nan,nan,nan,nan,1.0,0.0,0.0
175790999.0,2.0,nan,nan,31.745728000000017,nan,nan,nan,nan,nan,nan,nan,nan,nan,nan,nan,nan,nan,1.0,0.0,0.0
175791999.0,3.0,nan,nan,nan,33.06688000000002,nan,nan,nan,nan,nan,nan,nan,nan,nan,nan,nan,nan,1.0,0.0,0.0
175792999.0,4.0,nan,nan,nan,nan,1.2275704,nan,nan,nan,nan,nan,nan,nan,nan,nan,nan,nan,1.0,0.0,0.0
175793999.0,5.0,nan,nan,nan,nan,nan,0.00220192,nan,nan,nan,nan,nan,nan,nan,nan,nan,nan,1.0,0.0,0.0
175794999.0,6.0,nan,nan,nan,nan,nan,nan,0.37652832,nan,nan,nan,nan,nan,nan,nan,nan,nan,1.0,0.0,0.0
175795999.0,7.0,nan,nan,nan,nan,nan,nan,nan,0.0033028800000000002,nan,nan,nan,nan,nan,nan,nan,nan,1.0,0.0,0.0
175796999.0,8.0,nan,nan,nan,nan,nan,nan,nan,nan,0.82902288,nan,nan,nan,nan,nan,nan,nan,1.0,0.0,0.0
175797999.0,9.0,nan,nan,nan,nan,nan,nan,nan,nan,nan,0.0,nan,nan,nan,nan,nan,nan,1.0,0.0,0.0
175798999.0,10.0,nan,nan,nan,nan,nan,nan,nan,nan,nan,nan,5.0,nan,nan,nan,nan,nan,1.0,0.0,0.0
175799999.0,11.0,nan,nan,nan,nan,nan,nan,nan,nan,nan,nan,nan,0.0,nan,nan,nan,nan,1.0,0.0,0.0
175800999.0,0.0,-273.0,nan,nan,nan,nan,nan,nan,nan,nan,nan,nan,nan,nan,nan,nan,nan,1.0,0.0,0.0
175801999.0,1.0,nan,-268.04568,nan,nan,nan,nan,nan,nan,nan,nan,nan,nan,nan,nan,nan,nan,1.0,0.0,0.0
175802999.0,2.0,nan,nan,31.745728000000017,nan,nan,nan,nan,nan,nan,nan,nan,nan,nan,nan,nan,nan,1.0,0.0,0.0
175803999.0,3.0,nan,nan,nan,32.95678400000001,nan,nan,nan,nan,nan,nan,nan,nan,nan,nan,nan,nan,1.0,0.0,0.0
175804999.0,4.0,nan,nan,nan,nan,1.2165608,nan,nan,nan,nan,nan,nan,nan,nan,nan,nan,nan,1.0,0.0,0.0
175805999.0,5.0,nan,nan,nan,nan,nan,0.00220192,nan,nan,nan,nan,nan,nan,nan,nan,nan,nan,1.0,0.0,0.0
175806999.0,6.0,nan,nan,nan,nan,nan,nan,0.37762928,nan,nan,nan,nan,nan,nan,nan,nan,nan,1.0,0.0,0.0
175807999.0,7.0,nan,nan,nan,nan,nan,nan,nan,0.0033028800000000002,nan,nan,nan,nan,nan,nan,nan,nan,1.0,0.0,0.0
175808999.0,8.0,nan,nan,nan,nan,nan,nan,nan,nan,0.8301238400000001,nan,nan,nan,nan,nan,nan,nan,1.0,0.0,0.0
175809999.0,9.0,nan,nan,nan,nan,nan,nan,nan,nan,nan,0.0,nan,nan,nan,nan,nan,nan,1.0,0.0,0.0
175810999.0,10.0,nan,nan,nan,nan,nan,nan,nan,nan,nan,nan,5.0,nan,nan,nan,nan,nan,1.0,0.0,0.0
175811999.0,11.0,nan,nan,nan,nan,nan,nan,nan,nan,nan,nan,nan,0.0,nan,nan,nan,nan,1.0,0.0,0.0
175812999.0,0.0,-273.0,nan,nan,nan,nan,nan,nan,nan,nan,nan,nan,nan,nan,nan,nan,nan,1.0,0.0,0.0
175813999.0,1.0,nan,-267.275008,nan,nan,nan,nan,nan,nan,nan,nan,nan,nan,nan,nan,nan,nan,1.0,0.0,0.0
175814999.0,2.0,nan,nan,31.745728000000017,nan,nan,nan,nan,nan,nan,nan,nan,nan,nan,nan,nan,nan,1.0,0.0,0.0
175815999.0,3.0,nan,nan,nan,33.06688000000002,nan,nan,nan,nan,nan,nan,nan,nan,nan,nan,nan,nan,1.0,0.0,0.0
175816999.0,4.0,nan,nan,nan,nan,1.22646944,nan,nan,nan,nan,nan,nan,nan,nan,nan,nan,nan,1.0,0.0,0.0
175817999.0,5.0,nan,nan,nan,nan,nan,0.00220192,nan,nan,nan,nan,nan,nan,nan,nan,nan,nan,1.0,0.0,0.0
175818999.0,6.0,nan,nan,nan,nan,nan,nan,0.37652832,nan,nan,nan,nan,nan,nan,nan,nan,nan,1.0,0.0,0.0
175819999.0,7.0,nan,nan,nan,nan,nan,nan,nan,0.0033028800000000002,nan,nan,nan,nan,nan,nan,nan,nan,1.0,0.0,0.0
175820999.0,8.0,nan,nan,nan,nan,nan,nan,nan,nan,0.82792192,nan,nan,nan,nan,nan,nan,nan,1.0,0.0,0.0
175821999.0,9.0,nan,nan,nan,nan,nan,nan,nan,nan,nan,0.0,nan,nan,nan,nan,nan,nan,1.0,0.0,0.0
175822999.0,10.0,nan,nan,nan,nan,nan,nan,nan,nan,nan,nan,5.0,nan,nan,nan,nan,nan,1.0,0.0,0.0
175823999.0,11.0,nan,nan,nan,nan,nan,nan,nan,nan,nan,nan,nan,0.0,nan,nan,nan,nan,1.0,0.0,0.0
175824999.0,0.0,-273.0,nan,nan,nan,nan,nan,nan,nan,nan,nan,nan,nan,nan,nan,nan,nan,1.0,0.0,0.0
175825999.0,1.0,nan,-267.385104,nan,nan,nan,nan,nan,nan,nan,nan,nan,nan,nan,nan,nan,nan,1.0,0.0,0.0
175826999.0,2.0,nan,nan,31.745728000000017,nan,nan,nan,nan,nan,nan,nan,nan,nan,nan,nan,nan,nan,1.0,0.0,0.0
175827999.0,3.0,nan,nan,nan,33.06688000000002,nan,nan,nan,nan,nan,nan,nan,nan,nan,nan,nan,nan,1.0,0.0,0.0
175828999.0,4.0,nan,nan,nan,nan,1.2000464,nan,nan,nan,nan,nan,nan,nan,nan,nan,nan,nan,1.0,0.0,0.0
175829999.0,5.0,nan,nan,nan,nan,nan,0.00220192,nan,nan,nan,nan,nan,nan,nan,nan,nan,nan,1.0,0.0,0.0
175830999.0,6.0,nan,nan,nan,nan,nan,nan,0.37762928,nan,nan,nan,nan,nan,nan,nan,nan,nan,1.0,0.0,0.0
175831999.0,7.0,nan,nan,nan,nan,nan,nan,nan,0.0033028800000000002,nan,nan,nan,nan,nan,nan,nan,nan,1.0,0.0,0.0
175832999.0,8.0,nan,nan,nan,nan,nan,nan,nan,nan,0.82792192,nan,nan,nan,nan,nan,nan,nan,1.0,0.0,0.0
175833999.0,9.0,nan,nan,nan,nan,nan,nan,nan,nan,nan,0.0,nan,nan,nan,nan,nan,nan,1.0,0.0,0.0
175834999.0,10.0,nan,nan,nan,nan,nan,nan,nan,nan,nan,nan,5.0,nan,nan,nan,nan,nan,1.0,0.0,0.0
175835999.0,11.0,nan,nan,nan,nan,nan,nan,nan,nan,nan,nan,nan,0.0,nan,nan,nan,nan,1.0,0.0,0.0
175836999.0,0.0,-273.0,nan,nan,nan,nan,nan,nan,nan,nan,nan,nan,nan,nan,nan,nan,nan,1.0,0.0,0.0
175837999.0,1.0,nan,-267.275008,nan,nan,nan,nan,nan,nan,nan,nan,nan,nan,nan,nan,nan,nan,1.0,0.0,0.0
175838999.0,2.0,nan,nan,31.745728000000017,nan,nan,nan,nan,nan,nan,nan,nan,nan,nan,nan,nan,nan,1.0,0.0,0.0
175839999.0,3.0,nan,nan,nan,33.06688000000002,nan,nan,nan,nan,nan,nan,nan,nan,nan,nan,nan,nan,1.0,0.0,0.0
175840999.0,4.0,nan,nan,nan,nan,1.21876272,nan,nan,nan,nan,nan,nan,nan,nan,nan,nan,nan,1.0,0.0,0.0
175841999.0,5.0,nan,nan,nan,nan,nan,0.00220192,nan,nan,nan,nan,nan,nan,nan,nan,nan,nan,1.0,0.0,0.0
175842999.0,6.0,nan,nan,nan,nan,nan,nan,0.37762928,nan,nan,nan,nan,nan,nan,nan,nan,nan,1.0,0.0,0.0
175843999.0,7.0,nan,nan,nan,nan,nan,nan,nan,0.0033028800000000002,nan,nan,nan,nan,nan,nan,nan,nan,1.0,0.0,0.0
175844999.0,8.0,nan,nan,nan,nan,nan,nan,nan,nan,0.82792192,nan,nan,nan,nan,nan,nan,nan,1.0,0.0,0.0
175845999.0,9.0,nan,nan,nan,nan,nan,nan,nan,nan,nan,0.0,nan,nan,nan,nan,nan,nan,1.0,0.0,0.0
175846999.0,10.0,nan,nan,nan,nan,nan,nan,nan,nan,nan,nan,5.0,nan,nan,nan,nan,nan,1.0,0.0,0.0
175847999.0,11.0,nan,nan,nan,nan,nan,nan,nan,nan,nan,nan,nan,0.0,nan,nan,nan,nan,1.0,0.0,0.0
175848999.0,0.0,-273.0,nan,nan,nan,nan,nan,nan,nan,nan,nan,nan,nan,nan,nan,nan,nan,1.0,0.0,0.0
175849999.0,1.0,nan,-267.275008,nan,nan,nan,nan,nan,nan,nan,nan,nan,nan,nan,nan,nan,nan,1.0,0.0,0.0
175850999.0,2.0,nan,nan,31.745728000000017,nan,nan,nan,nan,nan,nan,nan,nan,nan,nan,nan,nan,nan,1.0,0.0,0.0
175851999.0,3.0,nan,nan,nan,33.06688000000002,nan,nan,nan,nan,nan,nan,nan,nan,nan,nan,nan,nan,1.0,0.0,0.0
175852999.0,4.0,nan,nan,nan,nan,1.2220656,nan,nan,nan,nan,nan,nan,nan,nan,nan,nan,nan,1.0,0.0,0.0
175853999.0,5.0,nan,nan,nan,nan,nan,0.00220192,nan,nan,nan,nan,nan,nan,nan,nan,nan,nan,1.0,0.0,0.0
175854999.0,6.0,nan,nan,nan,nan,nan,nan,0.37652832,nan,nan,nan,nan,nan,nan,nan,nan,nan,1.0,0.0,0.0
175855999.0,7.0,nan,nan,nan,nan,nan,nan,nan,0.0033028800000000002,nan,nan,nan,nan,nan,nan,nan,nan,1.0,0.0,0.0
